state,stay,flap
0,0.00000000,0.00000000
1,0.00000000,0.00000000
2,0.00000000,0.00000000
3,-16.00000000,0.00000000
4,-15.98924800,0.00000000
5,0.00000000,0.00000000
6,-16.00000000,0.02158677
7,-16.00000000,0.00000000
8,0.00000000,0.00000000
9,0.00000000,0.00000000
10,-16.00000000,0.03262132
11,-15.97729203,0.00000000
12,0.00000000,0.00000000
13,-16.00000000,0.00000000
14,0.00000000,0.00000000
15,0.00000000,0.00000000
16,0.00000000,0.00000000
17,0.00000000,0.00000000
18,0.00000000,0.00000000
19,0.00000000,0.00000000
20,-16.00000000,0.01280000
21,-16.00000000,0.01547610
22,-15.98924800,0.00000000
23,-15.98924800,0.00000000
24,0.01627345,0.00000000
25,-15.95066389,0.02901001
26,0.00000000,0.00000000
27,-15.98924800,0.06162157
28,0.00000000,0.00000000
29,0.00000000,0.00000000
30,0.00000000,0.00000000
31,-16.00000000,0.00000000
32,-16.00000000,0.02656167
33,-16.00000000,0.01889878
34,0.00000000,0.00000000
35,0.00000000,0.00000000
36,-15.98924800,0.28630196
37,-15.98924800,0.26358334
38,0.00000000,0.00000000
39,0.04464488,0.00000000
40,0.00000000,0.00000000
41,-15.97863363,2.34008151
42,0.00000000,0.00000000
43,0.00000000,0.00000000
44,0.00000000,0.00000000
45,0.00000000,0.00000000
46,0.00000000,0.00000000
47,0.00000000,0.00000000
48,0.00000000,0.00000000
49,0.00000000,0.00000000
50,0.00000000,0.00000000
51,0.00000000,0.00000000
52,0.00000000,0.00000000
53,0.00000000,0.00000000
54,0.00000000,0.00000000
55,0.00000000,0.00000000
56,0.00000000,0.00000000
57,0.00000000,0.00000000
58,0.00000000,0.00000000
59,0.00000000,0.00000000
60,0.00000000,0.00000000
61,0.00000000,0.00000000
62,0.00000000,0.00000000
63,0.00000000,0.00000000
64,0.00000000,0.00000000
65,0.00000000,0.00000000
66,0.00000000,0.00000000
67,0.00000000,0.00000000
68,0.00000000,0.00000000
69,0.00000000,0.00000000
70,0.00000000,0.00000000
71,0.00000000,0.00000000
72,0.00000000,0.00000000
73,0.00000000,0.00000000
74,0.00000000,0.00000000
75,0.00000000,0.00000000
76,0.00000000,0.00000000
77,0.00000000,0.00000000
78,0.00000000,0.00000000
79,0.00000000,0.00000000
80,0.00000000,0.00000000
81,0.00000000,0.00000000
82,0.00000000,0.00000000
83,0.00000000,0.00000000
84,0.00000000,0.00000000
85,0.00000000,0.00000000
86,0.00000000,0.00000000
87,0.00000000,0.00000000
88,0.00000000,0.00000000
89,0.00000000,0.00000000
90,0.00000000,0.00000000
91,0.00000000,0.00000000
92,0.00000000,0.00000000
93,0.00000000,0.00000000
94,0.00000000,0.00000000
95,0.00000000,0.00000000
96,0.00000000,0.00000000
97,0.00000000,0.00000000
98,0.00000000,0.00000000
99,0.00000000,0.00000000
100,0.00000000,0.00000000
101,0.00000000,0.00000000
102,0.00000000,0.00000000
103,0.00000000,0.00000000
104,0.00000000,0.00000000
105,0.00000000,0.00000000
106,0.00000000,0.00000000
107,0.00000000,0.00000000
108,0.00000000,0.00000000
109,0.00000000,0.00000000
110,0.00000000,0.00000000
111,0.00000000,0.00000000
112,0.00000000,0.00000000
113,0.00000000,0.00000000
114,0.00000000,0.00000000
115,0.00000000,0.00000000
116,0.00000000,0.00000000
117,0.00000000,0.00000000
118,0.00000000,0.00000000
119,0.00000000,0.00000000
120,0.00000000,0.00000000
121,0.00000000,0.00000000
122,0.04946434,0.00000000
123,0.00000000,0.00000000
124,0.00000000,0.00000000
125,0.00000000,0.00000000
126,0.00000000,0.00000000
127,0.00000000,0.00000000
128,0.00000000,0.00000000
129,0.00000000,0.00000000
130,0.00000000,0.00000000
131,0.00000000,0.00000000
132,0.02154512,0.00000000
133,0.00000000,0.00000000
134,0.00000000,0.00000000
135,0.08626560,0.00000000
136,0.01673209,0.00000000
137,0.02355200,0.00000000
138,0.00000000,0.00000000
139,0.00000000,0.00000000
140,0.00000000,0.00000000
141,0.00000000,0.00000000
142,0.00000000,0.00000000
143,0.00000000,0.00000000
144,0.00000000,0.00000000
145,0.00000000,0.00000000
146,0.00000000,0.00000000
147,0.00000000,0.00000000
148,0.00000000,0.00000000
149,0.00000000,0.00000000
150,0.00000000,0.00000000
151,0.00000000,0.00000000
152,0.00000000,0.00000000
153,0.00000000,0.00000000
154,0.00000000,0.00000000
155,0.00000000,0.00000000
156,0.00000000,0.00000000
157,0.00000000,0.00000000
158,0.00000000,0.00000000
159,0.00000000,0.00000000
160,0.00000000,0.00000000
161,0.00000000,0.00000000
162,0.00000000,0.00000000
163,0.00000000,0.00000000
164,0.03331102,0.00000000
165,0.00000000,0.00000000
166,0.00000000,0.00000000
167,0.00000000,0.00000000
168,0.00000000,0.00000000
169,0.00000000,0.00000000
170,0.00000000,0.00000000
171,0.01280000,0.00000000
172,-16.00000000,0.00000000
173,-15.98924800,0.00000000
174,0.02355200,0.00000000
175,0.00000000,0.00000000
176,-16.00000000,0.00000000
177,0.00000000,0.00000000
178,0.00000000,0.00000000
179,0.04198907,0.00000000
180,0.00000000,0.00000000
181,0.01280000,0.00000000
182,0.00000000,0.00000000
183,0.00000000,0.00000000
184,0.00000000,0.00000000
185,-15.98271060,0.05540981
186,-16.00000000,0.13906959
187,0.00000000,0.00000000
188,-15.94769849,0.12753492
189,0.03258368,0.00000000
190,0.00000000,0.00000000
191,0.01280000,0.00000000
192,0.01280000,0.09163240
193,0.03858003,0.00000000
194,0.00000000,0.00000000
195,-15.98021632,3.63442533
196,0.00000000,0.00000000
197,0.00000000,0.00000000
198,-16.00000000,0.00000000
199,-16.00000000,0.13182773
200,-15.98021632,0.15858306
201,-15.96602448,0.00000000
202,0.00000000,0.00000000
203,0.00000000,0.00000000
204,0.17946708,0.00000000
205,-15.77921724,7.69872917
206,0.00000000,0.00000000
207,0.06957026,0.00000000
208,0.00000000,0.00000000
209,0.02677483,7.28550261
210,0.00000000,0.00000000
211,0.00000000,0.00000000
212,0.00000000,0.00000000
213,0.09110752,0.00000000
214,0.00000000,0.00000000
215,0.05655613,0.00000000
216,0.00000000,0.00000000
217,0.00000000,0.00000000
218,0.03236384,0.00000000
219,0.13109504,0.00000000
220,0.00000000,0.00000000
221,0.02469728,0.00000000
222,0.02830742,0.00000000
223,3.17709597,0.00000000
224,0.00000000,0.00000000
225,0.00000000,0.00000000
226,0.00000000,0.00000000
227,0.00000000,0.00000000
228,0.00000000,0.00000000
229,0.00000000,0.00000000
230,0.00000000,0.00000000
231,0.00000000,0.00000000
232,0.00000000,0.00000000
233,0.00000000,0.00000000
234,0.00000000,0.00000000
235,0.00000000,0.00000000
236,0.00000000,0.00000000
237,0.00000000,0.00000000
238,0.00000000,0.00000000
239,0.00000000,0.00000000
240,0.00000000,0.00000000
241,0.00000000,0.00000000
242,0.00000000,0.00000000
243,0.00000000,0.00000000
244,0.00000000,0.00000000
245,0.00000000,0.00000000
246,0.00000000,0.00000000
247,0.00000000,0.00000000
248,0.00000000,0.00000000
249,0.00000000,0.00000000
250,0.00000000,0.00000000
251,0.00000000,0.00000000
252,0.00000000,0.00000000
253,0.00000000,0.00000000
254,0.00000000,0.00000000
255,0.00000000,0.00000000
256,0.00000000,0.00000000
257,0.00000000,0.00000000
258,0.00000000,0.00000000
259,0.00000000,0.00000000
260,0.00000000,0.00000000
261,0.00000000,0.00000000
262,0.00000000,0.00000000
263,0.00000000,0.00000000
264,0.00000000,0.00000000
265,0.00000000,0.00000000
266,0.00000000,0.00000000
267,0.00000000,0.00000000
268,0.00000000,0.00000000
269,0.00000000,0.00000000
270,0.00000000,0.00000000
271,0.00000000,0.00000000
272,0.00000000,0.00000000
273,0.00000000,0.00000000
274,0.00000000,0.00000000
275,0.00000000,0.00000000
276,0.10699749,0.00000000
277,0.00000000,0.00000000
278,0.00000000,0.00000000
279,0.00000000,0.00000000
280,0.00000000,0.00000000
281,0.00000000,0.00000000
282,0.00000000,0.00000000
283,0.00000000,0.00000000
284,0.05248169,0.00000000
285,0.13991404,0.00000000
286,0.08575734,0.00000000
287,0.08749684,0.00000000
288,1.62467989,0.00000000
289,0.70775945,0.00000000
290,0.12003893,0.00000000
291,0.00000000,0.00000000
292,0.00000000,0.00000000
293,5.91007247,0.00000000
294,0.00000000,0.00000000
295,0.00000000,0.00000000
296,0.00000000,0.00000000
297,0.11634723,0.00000000
298,0.04006567,0.00000000
299,0.04326857,0.00000000
300,0.03509077,0.00000000
301,0.02898010,0.00000000
302,0.69476934,0.00000000
303,1.87020153,0.00000000
304,0.14286738,0.00000000
305,0.07540212,0.00000000
306,0.00000000,0.00000000
307,7.65657452,0.00000000
308,0.00000000,0.00000000
309,0.00000000,0.00000000
310,0.00000000,0.00000000
311,0.00000000,0.00000000
312,0.00000000,0.00000000
313,0.00000000,0.00000000
314,0.00000000,0.00000000
315,0.00000000,0.00000000
316,0.00000000,0.00000000
317,0.00000000,0.00000000
318,0.00000000,0.11192251
319,0.00000000,0.00000000
320,0.00000000,0.00000000
321,0.00000000,0.00000000
322,0.00000000,0.00000000
323,0.00000000,0.00000000
324,0.00000000,0.00000000
325,0.00000000,0.00000000
326,0.00000000,0.00000000
327,0.00000000,0.00000000
328,0.00000000,0.00000000
329,0.00000000,0.00000000
330,0.00000000,0.00000000
331,0.00000000,0.00000000
332,0.03544536,0.00000000
333,0.00000000,0.00000000
334,0.00000000,0.00000000
335,0.00000000,0.00000000
336,0.00000000,0.00000000
337,0.00000000,0.00000000
338,-16.00000000,0.00000000
339,-15.97862270,0.10603648
340,-16.00000000,0.33312167
341,-15.95256446,1.71279761
342,0.03998294,0.00000000
343,0.00000000,1.79902871
344,0.03633374,0.00000000
345,-16.00000000,1.68635874
346,-16.00000000,0.00000000
347,0.00000000,0.11265693
348,0.00000000,0.00000000
349,-15.95267028,0.63923995
350,0.00000000,0.00000000
351,0.00000000,0.00000000
352,-16.00000000,0.00000000
353,-15.96571303,0.98563314
354,0.10374244,0.00000000
355,-16.00000000,0.48875744
356,-15.83753963,0.89536729
357,-15.88941405,0.19440162
358,0.00000000,0.00000000
359,0.03195054,0.00000000
360,-15.83418146,0.00000000
361,0.14057734,0.00000000
362,-16.00000000,0.15941437
363,0.84251915,0.00000000
364,0.00000000,0.00000000
365,0.00000000,0.00000000
366,-15.92585939,0.13668200
367,-16.00000000,0.66065936
368,0.27494505,0.00000000
369,-15.96097183,0.98891448
370,-15.90029439,2.98597318
371,-15.95307366,0.27336463
372,-15.93890675,2.07418369
373,6.38111840,2.15581119
374,0.00000000,0.00000000
375,-15.89238030,0.00000000
376,0.04979501,0.00000000
377,1.08042253,10.72478179
378,0.00000000,0.00000000
379,0.00000000,0.00000000
380,0.00000000,0.00000000
381,0.27730548,0.00000000
382,0.13102291,0.00000000
383,0.20441092,0.00000000
384,0.05576582,0.00000000
385,0.00000000,0.00000000
386,0.34174484,0.00000000
387,5.02198735,0.35459207
388,0.00000000,0.00000000
389,0.00000000,0.00000000
390,0.18950247,0.00000000
391,4.31059605,0.00000000
392,0.00000000,0.00000000
393,0.00000000,0.00000000
394,0.00000000,0.00000000
395,0.06188965,0.00000000
396,0.00000000,0.00000000
397,0.00000000,0.00000000
398,0.13630886,0.00000000
399,0.00000000,0.00000000
400,0.06111426,0.00000000
401,0.13173746,0.09206109
402,0.00000000,0.00000000
403,0.00000000,0.00000000
404,0.08255545,0.00000000
405,1.27460560,0.00000000
406,0.00000000,0.00000000
407,0.00000000,0.00000000
408,0.00000000,0.00000000
409,0.00000000,0.00000000
410,0.00000000,0.00000000
411,0.00000000,0.00000000
412,0.00000000,0.00000000
413,0.00000000,0.00000000
414,0.00000000,0.00000000
415,0.00000000,0.00000000
416,0.00000000,0.00000000
417,0.00000000,0.00000000
418,0.00000000,0.00000000
419,0.00000000,0.00000000
420,0.00000000,0.00000000
421,0.00000000,0.00000000
422,0.00000000,0.00000000
423,0.00000000,0.00000000
424,0.00000000,0.00000000
425,0.00000000,0.00000000
426,0.00000000,0.00000000
427,0.00000000,0.00000000
428,0.00000000,0.00000000
429,0.05480347,0.07099546
430,0.05275547,0.00000000
431,0.00000000,0.00000000
432,0.00000000,0.00000000
433,0.00000000,0.00000000
434,0.00000000,0.00000000
435,0.00000000,0.00000000
436,0.00000000,0.00000000
437,0.00000000,0.00000000
438,0.00000000,0.00000000
439,0.00000000,0.00000000
440,0.00000000,0.00000000
441,0.00000000,0.00000000
442,0.92028300,0.00000000
443,0.78274583,0.00000000
444,0.23037906,0.00000000
445,0.00000000,0.00000000
446,0.00000000,0.00000000
447,0.00000000,0.00000000
448,0.00000000,0.00000000
449,0.00000000,0.00000000
450,0.00000000,0.00000000
451,0.82304833,0.00000000
452,0.81694685,0.00000000
453,0.00000000,2.29022052
454,0.43510559,0.00000000
455,0.00000000,0.06731611
456,4.12633237,0.16058247
457,9.34422841,0.00000000
458,0.32902495,0.00000000
459,0.06030603,0.07649803
460,0.00000000,0.00000000
461,0.71661550,10.94184312
462,0.00000000,0.00000000
463,0.00000000,0.00000000
464,0.00000000,0.00000000
465,0.73040272,0.00000000
466,0.80172965,0.00000000
467,1.87192258,0.00000000
468,0.21809096,0.00000000
469,0.08082012,0.00000000
470,6.02681729,0.85146866
471,8.52741773,0.00000000
472,0.00000000,0.00000000
473,0.10863732,0.00000000
474,0.00000000,0.00000000
475,11.70722533,3.61664747
476,0.00000000,0.00000000
477,0.00000000,0.00000000
478,0.00000000,0.00000000
479,0.00000000,0.00000000
480,0.00000000,0.00000000
481,0.00000000,0.00000000
482,0.00000000,0.00000000
483,0.00000000,0.00000000
484,0.00000000,0.00000000
485,0.00000000,0.00000000
486,0.00000000,0.00000000
487,0.00000000,0.00000000
488,0.00000000,0.00000000
489,0.00000000,0.00000000
490,0.00000000,0.00000000
491,0.00000000,0.00000000
492,0.00000000,0.00000000
493,0.00000000,0.00000000
494,0.00000000,0.00000000
495,0.00000000,0.00000000
496,0.00000000,0.00000000
497,0.00000000,0.00000000
498,0.00000000,0.00000000
499,0.00000000,0.00000000
500,0.11503164,0.15714237
501,0.00000000,0.00000000
502,0.00000000,0.00000000
503,0.00000000,0.00000000
504,0.00000000,0.00000000
505,0.00000000,0.00000000
506,0.00000000,0.00000000
507,-15.90889570,7.34968421
508,-10.29736655,8.78903545
509,0.81470464,0.00000000
510,-16.00000000,12.70330243
511,-10.92526357,13.37790167
512,-15.94518014,11.34138752
513,0.80273073,0.00000000
514,-16.00000000,0.00000000
515,-15.95368210,0.15778040
516,0.06660831,0.00000000
517,-29.38821340,4.26230154
518,0.00000000,0.00000000
519,0.00000000,0.00000000
520,0.19343687,0.00000000
521,-15.31291770,12.29084038
522,-10.01146514,7.80795691
523,-15.09736314,2.47147389
524,-15.70341637,4.34701807
525,-15.83856498,2.10903761
526,0.00000000,12.26035225
527,-28.91910095,9.50373556
528,0.00000000,0.18571467
529,-15.78916182,0.00000000
530,0.05774788,0.00000000
531,-15.73703398,12.94691927
532,0.00000000,0.00000000
533,0.00000000,0.00000000
534,-13.12108730,-29.35593427
535,-15.29216696,4.74589928
536,-15.52413949,11.37225121
537,-15.70554196,10.63161518
538,-28.50611398,13.21777460
539,-15.44143077,5.92756042
540,-15.88297054,10.37739795
541,-15.87139382,13.81079221
542,-15.71763080,1.49707600
543,0.15614844,0.79985781
544,0.29710822,0.00000000
545,7.37023328,0.20715909
546,0.00000000,0.00000000
547,0.00000000,0.00000000
548,0.14792901,0.00000000
549,0.53798343,0.00000000
550,0.56033325,0.00000000
551,-9.19928049,4.53430492
552,6.50805700,0.00000000
553,0.00000000,0.00000000
554,-15.89749415,5.89993808
555,8.71898805,4.76647811
556,0.00000000,0.00000000
557,0.33483248,0.00000000
558,0.20696506,1.11304044
559,3.96302115,0.69256176
560,0.00000000,0.00000000
561,0.00000000,0.00000000
562,0.00000000,0.00000000
563,0.58523921,0.00000000
564,0.09708966,0.00000000
565,0.19825046,0.00000000
566,0.22443200,0.00000000
567,0.00000000,0.00000000
568,0.38070547,14.81157470
569,5.63363974,0.00000000
570,0.00000000,0.00000000
571,0.00000000,0.00000000
572,1.35521528,0.11487827
573,2.89302489,0.00000000
574,0.00000000,0.00000000
575,0.00000000,0.00000000
576,0.00000000,0.00000000
577,0.00000000,0.00000000
578,0.10316967,0.00000000
579,0.00000000,0.00000000
580,0.18487165,0.00000000
581,0.00000000,0.00000000
582,7.59493556,0.00000000
583,0.93434693,0.00000000
584,0.00000000,0.00000000
585,0.00000000,0.00000000
586,0.49042181,0.00000000
587,1.60385481,0.00000000
588,0.00000000,0.00000000
589,0.00000000,0.00000000
590,0.00000000,0.00000000
591,0.00000000,0.00000000
592,0.00000000,0.00000000
593,0.00000000,0.00000000
594,0.11029078,0.00000000
595,0.00000000,0.00000000
596,2.44719314,0.00000000
597,1.13313181,0.00000000
598,0.00000000,0.00000000
599,0.00000000,0.00000000
600,0.00000000,0.00000000
601,0.77004714,0.00000000
602,0.00000000,0.00000000
603,0.00000000,0.00000000
604,0.00000000,0.00000000
605,0.75582056,0.00000000
606,0.76062020,0.00000000
607,0.00000000,0.00000000
608,0.62569025,0.00000000
609,0.00000000,0.00000000
610,5.21816592,0.00000000
611,9.06073433,0.00000000
612,0.32198270,0.00000000
613,0.00000000,0.00000000
614,0.00000000,0.00000000
615,2.37410538,0.00000000
616,0.00000000,0.00000000
617,0.00000000,0.00000000
618,0.49318389,0.00000000
619,2.75500434,0.00000000
620,3.82930851,0.00000000
621,9.89732152,0.00000000
622,6.51373790,0.28058738
623,1.40026855,1.20798422
624,9.94119331,1.46362279
625,10.55419158,2.14012823
626,0.46216942,0.00000000
627,0.16710371,0.00000000
628,0.20669844,0.00000000
629,13.18834193,1.10882131
630,0.00000000,0.00000000
631,0.00000000,0.00000000
632,-15.92239061,-15.63322653
633,9.90528325,0.11983865
634,9.60279404,0.00000000
635,10.87799319,0.26556335
636,12.36658249,0.22786576
637,7.70772509,0.00000000
638,12.53116606,0.00000000
639,13.11857285,0.00000000
640,0.16040969,0.00000000
641,0.59861539,0.00000000
642,0.53114774,0.00000000
643,13.02143821,0.00000000
644,0.00000000,0.00000000
645,0.00000000,0.00000000
646,0.00000000,0.00000000
647,0.00000000,0.00000000
648,0.00000000,0.00000000
649,0.00000000,0.00000000
650,0.00000000,0.00000000
651,0.00000000,0.00000000
652,0.00000000,0.00000000
653,0.00000000,0.00000000
654,0.24573089,0.00000000
655,0.00000000,0.00000000
656,0.00000000,0.00000000
657,0.00000000,0.00000000
658,0.00000000,0.00000000
659,0.00000000,0.00000000
660,0.00000000,0.00000000
661,0.00000000,0.00000000
662,0.00000000,0.00000000
663,0.00000000,0.00000000
664,0.00000000,0.00000000
665,0.11404358,0.00000000
666,0.00000000,0.00000000
667,0.00000000,0.00000000
668,0.10718936,0.00000000
669,0.00000000,0.00000000
670,0.00000000,0.00000000
671,0.00000000,0.00000000
672,0.00000000,0.00000000
673,0.00000000,0.00000000
674,-16.00000000,0.00000000
675,-13.52090001,4.59369250
676,-6.51450470,15.78426595
677,0.80814962,14.98392979
678,-7.37861787,14.14159598
679,11.43396075,0.00000000
680,7.11251697,0.00000000
681,-13.25382047,15.71753101
682,-16.00000000,5.40390534
683,-15.77675511,0.00000000
684,0.09393632,0.00000000
685,-13.25649283,12.75152983
686,-16.00000000,3.11505112
687,0.00000000,0.00000000
688,-13.34100679,9.34664853
689,-5.64301458,15.75123310
690,-8.38722748,15.90361420
691,-5.52347978,15.58548108
692,0.83861654,15.58182351
693,-11.89617327,10.54895792
694,-7.70493083,16.36800292
695,1.93382721,16.04912718
696,-15.74769864,14.93747505
697,0.54823187,0.00000000
698,-16.00000000,0.00000000
699,9.79614221,1.80790551
700,-16.00000000,0.00000000
701,0.00000000,0.00000000
702,-1.74694143,16.07960844
703,2.83994213,15.84643632
704,2.18270073,15.95156225
705,-8.24197875,15.32892943
706,2.80529906,15.59716211
707,6.37049199,16.34615362
708,8.86597153,16.31719154
709,-7.78227610,15.83144044
710,-14.86842239,9.54473447
711,0.52045250,0.00000000
712,0.31795194,0.00000000
713,-5.35715519,12.28222439
714,0.00000000,0.00000000
715,-16.00000000,0.00000000
716,-16.00000000,14.71007105
717,1.71322610,16.02789133
718,14.63507611,0.00000000
719,11.65346889,2.45357618
720,9.87258130,3.57120546
721,12.61746240,0.00000000
722,-12.89646657,15.82575283
723,9.49553990,6.41183721
724,0.00000000,0.00000000
725,0.12705815,0.00000000
726,1.83266654,0.62720090
727,5.32466971,11.63160035
728,0.00000000,0.00000000
729,0.00000000,0.00000000
730,-15.73700371,-15.26583576
731,1.81910516,0.00000000
732,0.94669398,0.13646615
733,1.17234616,0.00000000
734,2.92510252,0.00000000
735,0.00000000,0.00000000
736,12.68747091,0.00000000
737,8.52852516,0.00000000
738,0.00000000,0.00000000
739,0.22704027,0.00000000
740,1.66624067,0.33988513
741,4.71324796,1.73052313
742,0.00000000,0.00000000
743,0.00000000,0.00000000
744,0.56762612,0.00000000
745,1.24453946,0.00000000
746,0.72255633,0.00000000
747,0.48365070,0.00000000
748,0.19941246,0.00000000
749,0.00000000,0.00000000
750,10.05851165,0.00000000
751,4.53654636,14.53851295
752,0.00000000,0.00000000
753,0.00000000,0.00000000
754,1.67598173,0.61813932
755,3.43598923,0.24482157
756,0.00000000,0.00000000
757,0.00000000,0.00000000
758,0.00000000,0.00000000
759,1.18850359,0.00000000
760,0.98133580,0.00000000
761,0.47654460,0.00000000
762,0.29867773,0.00000000
763,0.00000000,0.00000000
764,9.76727460,0.00000000
765,9.28393677,0.00000000
766,0.00000000,0.00000000
767,0.00000000,0.00000000
768,0.00000000,0.00000000
769,5.28398735,0.00000000
770,0.00000000,0.00000000
771,0.00000000,0.00000000
772,1.38311827,0.00000000
773,2.32462632,0.00000000
774,5.18552598,0.00000000
775,2.98516837,0.00000000
776,2.37249296,0.00000000
777,0.72179234,0.00000000
778,11.15325592,6.33300540
779,10.62522047,2.39831482
780,1.01915867,0.00000000
781,0.00000000,0.00000000
782,0.14800499,0.00000000
783,7.27913598,0.00000000
784,0.00000000,0.00000000
785,0.00000000,0.00000000
786,9.89243611,0.00000000
787,15.10585076,0.00000000
788,14.42399534,0.00000000
789,14.59675340,0.15029450
790,15.31696831,6.43144320
791,16.07767292,0.13572988
792,16.12641171,5.43663814
793,15.03085378,6.32949772
794,3.60443464,0.00000000
795,1.54619179,0.21233675
796,0.89187694,0.28125848
797,2.91912660,13.35389176
798,0.00000000,0.00000000
799,0.00000000,0.00000000
800,15.13236020,0.00000000
801,16.12568573,2.05776552
802,16.25102731,8.30331390
803,15.68742948,3.07699810
804,15.99070024,3.82091812
805,15.78840168,0.00000000
806,16.24065371,5.89634045
807,16.00218626,8.73562807
808,15.23934340,0.00000000
809,0.79820244,0.14855676
810,1.35393044,0.00000000
811,12.55957419,2.07750174
812,0.00000000,0.00000000
813,0.00000000,0.00000000
814,0.00000000,0.00000000
815,0.00000000,0.00000000
816,0.00000000,0.00000000
817,0.00000000,0.00000000
818,0.00000000,0.00000000
819,0.26638292,0.00000000
820,0.00000000,0.00000000
821,0.14642136,0.14140388
822,0.00000000,0.00000000
823,0.00000000,0.00000000
824,1.03642804,0.00000000
825,0.00000000,0.00000000
826,0.00000000,0.00000000
827,0.00000000,0.00000000
828,0.00000000,0.00000000
829,0.00000000,0.00000000
830,0.00000000,0.00000000
831,0.00000000,0.00000000
832,0.00000000,0.00000000
833,0.00000000,0.00000000
834,0.00000000,0.00000000
835,0.00000000,0.00000000
836,0.00000000,0.00000000
837,1.34525051,0.00000000
838,0.81130780,0.17889436
839,0.00000000,0.00000000
840,0.00000000,0.00000000
841,0.00000000,0.00000000
842,0.00000000,0.00000000
843,1.52047442,0.00000000
844,14.99026506,7.77820144
845,-11.53257456,16.23679005
846,-15.89423084,15.73730803
847,10.16279606,0.00000000
848,0.13396546,15.46892980
849,15.07248443,2.72800989
850,1.03578675,0.00000000
851,0.53207948,15.15208508
852,0.12017632,14.90981263
853,8.62663205,0.00000000
854,-16.00000000,19.67426945
855,-15.87664079,16.87273999
856,-15.33027050,15.82719600
857,14.84404474,4.65097122
858,15.04420858,9.21434417
859,15.10025077,12.41308946
860,14.98269433,1.99996378
861,5.04576366,17.02421773
862,6.81325109,16.51891252
863,13.68148433,16.87312975
864,14.46354069,7.87778475
865,0.37972690,12.64526713
866,2.23888506,0.00000000
867,10.92139055,0.00000000
868,12.46808613,20.81060369
869,-1.41491449,16.80726897
870,-12.21121417,16.85525060
871,15.29176316,5.22324949
872,14.68579371,10.80685614
873,14.58468549,8.03665785
874,14.93979893,11.28213416
875,13.13529485,17.29922243
876,15.85144738,9.43120236
877,15.28914559,4.81004036
878,11.39947399,0.00000000
879,1.05827715,14.92839912
880,0.49833887,0.00000000
881,11.94545434,8.25109762
882,16.42916061,0.00000000
883,-15.46329509,16.56365026
884,8.23812799,16.99075205
885,15.44909820,12.24841572
886,14.04901869,16.64405374
887,13.68700515,2.26620162
888,13.57814153,8.67511748
889,15.73244997,9.42349905
890,14.85623968,13.96730699
891,10.89713478,9.58462528
892,0.60518551,0.00000000
893,0.41012490,0.00000000
894,2.02527811,0.00000000
895,11.60289791,12.98638783
896,0.00000000,0.00000000
897,0.00000000,0.00000000
898,-14.58080834,16.01146343
899,11.93674158,0.00000000
900,9.84982020,0.00000000
901,8.04623561,0.00000000
902,11.02929221,6.51717319
903,3.90553985,0.00000000
904,14.00911275,2.50331921
905,9.95174455,2.57670047
906,0.00000000,0.00000000
907,0.13840500,0.00000000
908,2.78154346,0.00000000
909,11.99882910,12.76611522
910,0.00000000,0.00000000
911,0.00000000,0.00000000
912,2.18749526,0.17508015
913,2.60772103,0.00000000
914,0.76228155,0.00000000
915,3.24111075,0.00000000
916,4.15701853,0.00000000
917,1.11817156,0.00000000
918,2.56445566,16.25085053
919,11.50552069,2.70977562
920,0.00000000,0.00000000
921,0.00000000,0.00000000
922,3.06491798,0.67988947
923,11.61028675,4.49527437
924,0.00000000,0.00000000
925,0.00000000,0.00000000
926,2.36711654,0.16068984
927,2.90809953,0.00000000
928,0.71878831,0.22481853
929,3.82509950,0.66238700
930,2.49511459,0.23027232
931,1.33075266,0.00000000
932,14.09299301,0.00000000
933,11.06665220,2.59799275
934,0.00000000,0.00000000
935,0.00000000,0.00000000
936,0.31802522,0.00000000
937,12.56564916,3.80522653
938,0.00000000,0.00000000
939,0.00000000,0.00000000
940,9.42194260,0.00000000
941,14.93627867,0.00000000
942,0.15505779,11.53121026
943,15.20318123,2.40647360
944,14.82121486,0.00000000
945,14.62552974,0.33584519
946,16.66459687,0.00000000
947,15.96499173,4.07851939
948,0.17438096,2.10724916
949,0.79033486,0.00000000
950,0.56881591,0.00000000
951,11.74794133,3.12212767
952,3.00262678,0.00000000
953,5.04823215,0.00000000
954,17.11145090,6.53605354
955,16.67968490,15.89132871
956,15.74825373,16.73899467
957,16.29276391,14.97436223
958,16.45879019,13.26264372
959,17.11149812,8.55732244
960,17.08626453,15.18909523
961,16.19697529,16.44844071
962,15.63998410,9.63963112
963,2.39598381,0.62283842
964,1.55993380,0.00000000
965,9.99510892,12.42008817
966,18.94466957,5.97863891
967,15.37067224,0.00000000
968,16.98928068,8.00829955
969,16.29810114,11.05980721
970,16.72607840,5.94415362
971,16.16057304,6.06972107
972,16.02834424,10.92365718
973,16.94431029,13.06180857
974,16.78400970,11.70967556
975,16.69593070,4.59660875
976,15.34946430,1.70977290
977,15.35093548,0.00000000
978,15.32614967,0.46744931
979,13.06012966,9.47266068
980,0.00000000,0.00000000
981,0.00000000,0.00000000
982,0.00000000,0.00000000
983,0.00000000,0.00000000
984,0.00000000,0.00000000
985,0.00000000,0.00000000
986,0.00000000,0.00000000
987,0.00000000,0.00000000
988,0.00000000,0.00000000
989,0.18460388,0.00000000
990,0.00000000,0.00000000
991,1.93898016,0.58899923
992,0.27788964,0.00000000
993,0.00000000,0.00000000
994,0.00000000,0.00000000
995,0.00000000,0.00000000
996,0.00000000,0.00000000
997,0.00000000,0.00000000
998,0.00000000,0.00000000
999,0.00000000,0.00000000
1000,0.00000000,0.00000000
1001,0.00000000,0.00000000
1002,0.00000000,0.00000000
1003,0.16399587,0.00000000
1004,0.17628241,0.00000000
1005,0.00000000,0.70540560
1006,0.17586750,0.46740635
1007,0.00000000,0.00000000
1008,0.00000000,0.00000000
1009,0.00000000,0.00000000
1010,0.00000000,0.00000000
1011,0.17188893,0.00000000
1012,12.67633967,2.75010011
1013,14.77446490,0.00000000
1014,14.72250585,0.00000000
1015,7.27283897,0.00000000
1016,9.04618066,0.00000000
1017,14.47433883,2.73151713
1018,0.23423803,13.63659124
1019,14.88681501,0.00000000
1020,14.26063972,4.46694166
1021,3.38186115,0.00000000
1022,20.33292858,0.00000000
1023,10.17216450,0.00000000
1024,12.29441517,0.00000000
1025,14.77371070,6.84701294
1026,14.63315600,10.02102917
1027,15.35202158,6.66070618
1028,14.27808691,2.62884117
1029,15.44635966,10.50639634
1030,2.52058618,17.60097693
1031,14.94873545,9.11549666
1032,4.62544218,16.74714776
1033,6.44879213,0.25968627
1034,5.12166071,0.00000000
1035,7.10825067,0.00000000
1036,19.23735974,17.94252467
1037,16.47136625,12.14624679
1038,5.95487478,17.08289777
1039,15.03074763,8.48131478
1040,14.57137003,12.36434587
1041,14.68848113,16.93320832
1042,14.72967827,8.20829026
1043,16.65527271,16.11881202
1044,15.49680940,10.98546395
1045,15.31138137,14.10138645
1046,14.33750691,5.26086153
1047,14.11827610,6.73681832
1048,0.64538487,16.18992657
1049,2.41687757,13.36046626
1050,18.88261007,9.49692826
1051,16.51170859,8.20669295
1052,16.61752736,13.63815599
1053,15.13564418,12.54614019
1054,14.86080251,10.98259089
1055,15.87878397,0.00000000
1056,14.67531518,12.03173500
1057,15.63203960,13.17375701
1058,15.25323223,6.62800331
1059,15.00827889,10.08685625
1060,7.39062408,1.20273631
1061,2.65575120,0.00000000
1062,0.00000000,14.91037575
1063,12.72828397,12.11038569
1064,2.95334625,0.00000000
1065,0.48161689,0.00000000
1066,16.22983082,13.04232122
1067,15.54097134,9.80151013
1068,14.92364122,17.12771613
1069,13.89245427,4.87412010
1070,12.48272517,8.48663915
1071,15.53783607,6.81078257
1072,14.23142623,16.34655435
1073,11.94374072,17.40625349
1074,0.18020500,0.41354951
1075,0.00000000,0.00000000
1076,2.87779440,0.00000000
1077,12.72366313,12.18821242
1078,0.00000000,0.00000000
1079,0.00000000,0.00000000
1080,14.61722925,2.58969318
1081,13.04489677,0.55513124
1082,11.44476484,0.00000000
1083,0.17629717,16.81588785
1084,11.99107822,1.51650095
1085,7.04966672,0.00000000
1086,15.15400412,0.73955093
1087,15.73632429,3.58888259
1088,0.67089815,0.00000000
1089,0.00000000,0.00000000
1090,3.14677574,0.27755868
1091,13.17549315,12.81316929
1092,0.00000000,0.00000000
1093,0.00000000,0.00000000
1094,12.99772690,0.00000000
1095,13.00346563,0.47026784
1096,5.28751407,0.00000000
1097,15.82797105,7.64533131
1098,14.74982941,0.00000000
1099,11.40707776,0.00000000
1100,11.10261174,5.12001293
1101,15.64193513,6.97067107
1102,0.69621370,0.00000000
1103,0.00000000,0.00000000
1104,0.77211420,0.00000000
1105,13.28312732,10.64178358
1106,0.00000000,0.00000000
1107,0.00000000,0.00000000
1108,17.87041677,2.73689409
1109,17.36262083,10.07540902
1110,16.79811382,11.71759987
1111,16.56461521,9.98165966
1112,15.06354460,2.78795984
1113,15.51962335,9.56289773
1114,8.07244593,17.85760411
1115,16.54531333,15.15232749
1116,16.12900971,2.57664881
1117,0.00000000,3.89643237
1118,0.00000000,0.00000000
1119,0.00000000,13.67219194
1120,20.93712978,18.09026186
1121,16.84952422,13.84182473
1122,17.36600083,14.41605133
1123,17.12981462,14.60733950
1124,16.17086500,17.56301600
1125,16.69919437,15.00483580
1126,13.97216244,17.04989720
1127,16.93797936,17.78540652
1128,17.37097670,17.00913164
1129,17.47411249,16.37385254
1130,16.20839424,9.65268127
1131,15.84643446,6.03921243
1132,16.98006063,0.32863577
1133,11.23487891,14.41603024
1134,20.00540980,15.97077874
1135,16.99142404,13.86015248
1136,17.46478540,13.65531041
1137,17.27172593,5.00519106
1138,17.47151948,11.91346610
1139,16.83780796,5.92529591
1140,17.60503005,13.58736411
1141,17.72076463,9.40847230
1142,17.45064251,4.64280666
1143,17.33510032,1.50071649
1144,16.76920844,4.70949726
1145,15.41551649,1.46878648
1146,16.22574105,0.00000000
1147,14.15481671,10.97822587
1148,0.00000000,0.00000000
1149,0.00000000,0.00000000
1150,0.00000000,0.00000000
1151,0.00000000,0.00000000
1152,0.00000000,0.00000000
1153,0.00000000,0.00000000
1154,0.00000000,0.00000000
1155,0.00000000,0.00000000
1156,0.00000000,0.00000000
1157,0.23125319,0.00000000
1158,0.45434927,0.00000000
1159,1.69141713,0.89136439
1160,0.42635625,0.37954533
1161,0.00000000,0.00000000
1162,0.00000000,0.00000000
1163,0.00000000,0.00000000
1164,0.00000000,0.00000000
1165,0.00000000,0.00000000
1166,0.00000000,0.00000000
1167,0.00000000,0.00000000
1168,0.00000000,0.00000000
1169,0.00000000,0.00000000
1170,0.00000000,0.00000000
1171,0.00000000,0.00000000
1172,0.00000000,0.00000000
1173,1.98731125,0.00000000
1174,0.41503559,0.00000000
1175,0.26353300,0.00000000
1176,0.00000000,0.00000000
1177,0.00000000,0.00000000
1178,0.00000000,0.00000000
1179,0.00000000,0.00000000
1180,5.03353456,0.00000000
1181,6.76463037,0.00000000
1182,11.98332814,0.00000000
1183,0.86041845,2.72752280
1184,1.35199239,0.00000000
1185,12.42939581,0.00000000
1186,9.23786364,0.00000000
1187,14.81394639,4.87785774
1188,13.44262107,0.00000000
1189,1.66880201,13.35282900
1190,0.00000000,0.00000000
1191,0.00000000,0.00000000
1192,2.43089451,0.00000000
1193,0.19755293,17.15866094
1194,14.73599020,4.90288634
1195,14.26173584,4.67581836
1196,3.34721615,16.45148775
1197,15.14852850,10.26427563
1198,16.75871956,2.68533066
1199,14.80009535,4.95180973
1200,16.17109504,0.00000000
1201,1.12401082,16.55094005
1202,3.87642346,16.90979201
1203,10.10117887,15.10163369
1204,20.34993660,13.60980372
1205,16.63277053,8.32946016
1206,15.83727082,8.44748855
1207,14.90140169,9.91812739
1208,14.64979176,9.27160945
1209,16.01433680,15.40006267
1210,14.88954182,2.66819850
1211,16.40770034,13.31321107
1212,15.50850140,13.61011320
1213,16.23164040,17.68155220
1214,15.27757139,17.15846491
1215,13.72755288,16.78651206
1216,10.78293933,16.77064263
1217,10.42815860,15.18867614
1218,19.72973544,12.80588612
1219,16.92541999,10.53627034
1220,16.62825168,4.09860444
1221,15.28708785,13.37322754
1222,14.85267241,9.17881410
1223,15.79034195,4.62814042
1224,15.06702356,12.62975202
1225,16.00051260,15.02359380
1226,15.76171337,13.27704905
1227,16.00901267,4.49820555
1228,5.42046901,0.00000000
1229,16.61133422,9.10839187
1230,14.54895856,4.46176297
1231,13.02527539,10.88614538
1232,18.31570378,13.30900777
1233,16.62957922,3.35732723
1234,16.62903083,16.75667753
1235,15.65610498,13.74279270
1236,15.71815401,15.65412089
1237,13.97184941,6.34510759
1238,15.78358917,16.86296331
1239,15.76606364,14.72564072
1240,15.77318548,17.64188876
1241,14.55989929,17.66508080
1242,5.04495453,0.00000000
1243,3.38701354,0.00000000
1244,11.77754945,0.00000000
1245,13.28868148,11.81778418
1246,0.00000000,0.00000000
1247,0.52923736,0.00000000
1248,17.21999232,15.60681043
1249,16.30139420,14.77789717
1250,15.54083733,15.78323208
1251,14.30017642,8.08805869
1252,16.85535710,11.32045612
1253,16.04883327,13.27495891
1254,17.11515611,12.60438734
1255,17.27242521,14.58405950
1256,0.00000000,0.00000000
1257,0.00000000,0.00000000
1258,0.22536978,4.72183971
1259,13.97474332,12.88934330
1260,0.00000000,0.00000000
1261,0.23890225,0.00000000
1262,17.77490400,13.96353322
1263,17.08398083,14.95988654
1264,16.44854803,14.87388095
1265,16.09449077,12.59091010
1266,17.04466283,6.52438348
1267,16.62539548,9.25152970
1268,6.81585280,17.62218039
1269,17.39103035,13.93861020
1270,1.42820121,0.00000000
1271,0.00000000,0.00000000
1272,0.00000000,0.00000000
1273,14.30893622,11.64864627
1274,20.45382290,10.79739653
1275,16.79712936,9.13054312
1276,17.88885395,15.68841930
1277,17.65000112,16.62748288
1278,17.17624858,15.91560433
1279,16.62689202,15.34097310
1280,18.42564087,8.46715922
1281,17.30645109,16.51333524
1282,17.93310452,16.25910971
1283,17.88514259,17.11457640
1284,4.49870334,16.46777816
1285,3.87557773,16.33635760
1286,0.84296096,0.00000000
1287,14.17776058,11.11759871
1288,19.38734582,18.27332395
1289,16.91886060,15.30522797
1290,16.94886904,14.46251397
1291,17.73620049,4.58733832
1292,16.83027020,15.60023338
1293,16.97582480,13.93795254
1294,17.84915995,15.92359306
1295,18.45541666,16.71063157
1296,17.81551327,16.59711313
1297,17.77198243,9.42347031
1298,9.55183698,16.95385284
1299,16.25079920,6.72488019
1300,3.53899546,16.95008273
1301,14.54266269,9.35469025
1302,18.48445754,0.00000000
1303,16.83544544,0.00000000
1304,16.79152563,10.02754191
1305,5.06806757,17.76142534
1306,17.89473022,1.43643736
1307,17.20576098,2.76653349
1308,17.40001896,13.50991880
1309,18.29281070,5.19768064
1310,17.93045109,5.71299309
1311,17.63886935,5.13873408
1312,17.17331929,10.22975822
1313,16.59979163,2.75167570
1314,16.69550749,12.13554435
1315,11.33768145,15.21982116
1316,0.00000000,0.00000000
1317,0.00000000,0.00000000
1318,0.00000000,0.00000000
1319,0.00000000,0.00000000
1320,0.00000000,0.00000000
1321,0.00000000,0.00000000
1322,0.00000000,0.00000000
1323,0.00000000,0.00000000
1324,0.00000000,0.00000000
1325,0.00000000,0.00000000
1326,0.76457561,0.00000000
1327,1.60637836,0.56691260
1328,0.00000000,0.63455043
1329,0.00000000,0.00000000
1330,0.00000000,0.00000000
1331,0.00000000,0.00000000
1332,0.00000000,0.00000000
1333,0.00000000,0.00000000
1334,0.00000000,0.00000000
1335,0.00000000,0.00000000
1336,0.24441157,0.00000000
1337,0.00000000,0.00000000
1338,0.00000000,0.00000000
1339,0.00000000,0.00000000
1340,0.54178591,0.00000000
1341,1.47716857,0.33448880
1342,1.34018534,0.34295932
1343,0.00000000,0.00000000
1344,0.00000000,0.00000000
1345,0.00000000,0.00000000
1346,0.00000000,0.00000000
1347,0.00000000,0.00000000
1348,2.06637868,0.00000000
1349,1.31181312,0.00000000
1350,7.58992175,0.00000000
1351,0.00000000,0.00000000
1352,0.00000000,0.00000000
1353,1.23165775,0.00000000
1354,5.46343103,0.00000000
1355,14.71494370,0.00000000
1356,11.69780899,0.00000000
1357,-5.00573093,6.64865199
1358,0.00000000,0.00000000
1359,0.00000000,0.00000000
1360,-16.00000000,2.75408540
1361,14.13516151,0.00000000
1362,14.42303944,6.25452121
1363,14.66775081,2.61561832
1364,16.70344249,6.67331303
1365,13.79468989,6.46000001
1366,16.39542170,0.00000000
1367,15.43035678,11.67696305
1368,2.59011817,16.91892430
1369,16.38213201,0.00000000
1370,17.04275600,12.53590193
1371,1.39071485,14.29867227
1372,20.28998564,10.10155273
1373,17.60815345,0.00000000
1374,16.67401213,2.17522287
1375,15.61573495,4.80065084
1376,15.12959938,7.70511982
1377,16.35274336,14.91223488
1378,16.23904682,4.64726829
1379,16.44088131,10.74397415
1380,7.15581235,16.79333982
1381,17.67481074,15.12814541
1382,17.22155921,16.40919062
1383,16.87790721,8.45079421
1384,6.12146993,16.39388255
1385,15.31531053,6.69836469
1386,20.10800307,10.66643452
1387,17.29197444,11.36196851
1388,16.89181727,11.28256607
1389,15.56524513,7.06294072
1390,15.31116506,8.28781599
1391,15.61285165,11.27524513
1392,15.37433920,6.65391879
1393,16.27633748,13.06388021
1394,16.02236846,14.02322542
1395,16.98496682,13.66375201
1396,17.42314994,12.01709630
1397,17.06309378,15.68609880
1398,16.97916334,7.33956869
1399,14.88675948,11.46952321
1400,18.99426636,15.79335393
1401,17.44775699,13.40292291
1402,17.46970061,12.20012261
1403,16.11189850,12.83129695
1404,15.74195437,14.01022163
1405,16.19931203,0.00000000
1406,15.91425044,15.42438511
1407,16.66907183,13.45883724
1408,17.27054027,15.31051520
1409,17.53660069,12.95633520
1410,5.63442651,2.60773676
1411,8.04735055,0.00000000
1412,14.27427232,1.92593004
1413,14.89673803,10.39007813
1414,19.29843283,14.86345498
1415,17.47212298,4.44352617
1416,17.79807401,11.41913185
1417,16.95340423,10.58241549
1418,16.52858168,9.56372543
1419,16.05146043,4.04628887
1420,17.59301658,15.75744578
1421,16.45486398,14.28039189
1422,17.48885017,16.40609614
1423,17.74614472,13.56524933
1424,2.35213440,0.00000000
1425,6.44521513,0.00000000
1426,11.17876621,2.98131967
1427,15.18217886,9.56331333
1428,19.98710019,12.56051604
1429,17.81846682,4.42272912
1430,18.11686097,13.10433827
1431,17.32997134,14.47249152
1432,17.35164548,8.86760558
1433,16.73789777,2.54244442
1434,18.22572781,15.08547627
1435,16.95951463,12.84685588
1436,17.75136081,14.80007082
1437,18.11953676,15.72594488
1438,0.00000000,9.25544750
1439,8.54949321,0.48140384
1440,3.37944272,0.00000000
1441,15.61038308,10.91655009
1442,19.91005682,15.70002615
1443,15.28712581,15.45040735
1444,18.19575352,15.28569894
1445,17.97891278,6.38042363
1446,17.83053385,14.53899375
1447,16.45648058,6.88440046
1448,17.93117652,7.68803942
1449,18.23635906,13.99357228
1450,18.12867640,16.88140878
1451,18.28542971,11.22657967
1452,13.20142252,0.89007360
1453,12.94813318,9.01003593
1454,7.22737792,0.00000000
1455,11.55988272,7.14569587
1456,17.59112988,7.65463843
1457,14.72615843,6.68153083
1458,15.23702660,13.07188477
1459,17.74338635,3.31266006
1460,17.26959224,10.86068005
1461,16.74488460,15.22076655
1462,18.07571134,16.13111962
1463,18.46734633,11.42071175
1464,17.68220779,16.37689966
1465,17.56906742,12.94813456
1466,14.97525735,16.91813154
1467,15.03007939,16.38107414
1468,16.54288997,15.90877674
1469,14.12897011,7.92625584
1470,15.11852336,0.00000000
1471,14.55109770,10.08021252
1472,15.79412556,5.06004382
1473,17.70353412,0.00000000
1474,4.77877809,14.80427628
1475,15.83901959,4.73912787
1476,15.64142228,15.76578295
1477,18.04983630,0.00000000
1478,17.64305462,12.45366488
1479,17.69898365,6.93552560
1480,16.67831982,13.45270620
1481,16.51118306,14.79171302
1482,16.45261095,15.61403513
1483,14.98020854,7.44296206
1484,0.00000000,0.00000000
1485,0.00000000,0.00000000
1486,0.00000000,0.00000000
1487,0.00000000,0.00000000
1488,0.00000000,0.00000000
1489,0.00000000,0.00000000
1490,0.47657284,0.00000000
1491,0.00000000,0.00000000
1492,0.24858662,0.00000000
1493,0.25430959,0.00000000
1494,1.29920250,0.00000000
1495,1.81285073,0.70062771
1496,1.79958536,0.37617025
1497,0.00000000,0.00000000
1498,0.00000000,0.00000000
1499,0.00000000,0.00000000
1500,0.00000000,0.00000000
1501,0.00000000,0.00000000
1502,0.00000000,0.00000000
1503,0.00000000,0.00000000
1504,0.00000000,0.00000000
1505,0.00000000,0.00000000
1506,0.26840537,0.00000000
1507,0.00000000,0.00000000
1508,1.60825435,0.00000000
1509,1.36868220,0.00000000
1510,1.52869533,0.00000000
1511,0.00000000,0.00000000
1512,0.00000000,0.00000000
1513,0.00000000,0.00000000
1514,0.00000000,0.00000000
1515,0.00000000,0.00000000
1516,0.25574580,0.00000000
1517,0.00000000,0.00000000
1518,0.50152744,0.00000000
1519,0.25581403,0.00000000
1520,0.00000000,0.42898717
1521,0.00000000,0.00000000
1522,1.32123046,0.00000000
1523,1.46518277,0.00000000
1524,0.38590039,0.00000000
1525,11.39595075,0.00000000
1526,0.00000000,0.00000000
1527,0.00000000,0.00000000
1528,0.00000000,0.00000000
1529,5.34755287,0.00000000
1530,14.83515695,0.00000000
1531,14.41149420,0.00000000
1532,16.46829621,1.37573061
1533,13.79621826,0.00000000
1534,0.00000000,15.49489637
1535,15.72149179,6.21544141
1536,14.95569505,1.35181650
1537,16.54621557,2.24281471
1538,17.27368646,7.53163709
1539,11.38052245,7.25174462
1540,19.51195617,2.25000205
1541,10.04890578,0.00000000
1542,15.83705860,0.00000000
1543,15.39899353,0.00000000
1544,15.64469407,10.28753590
1545,16.25484442,5.66815913
1546,16.89380624,3.32158677
1547,16.57910956,8.05910972
1548,17.12039092,6.36512140
1549,16.46754327,4.55430147
1550,17.21199351,12.43112139
1551,7.63518518,15.12955568
1552,16.85969249,13.21183501
1553,15.74035666,7.73901067
1554,19.95200094,8.03830887
1555,17.78435851,4.57233900
1556,17.39695820,2.35068127
1557,16.42607660,1.81794392
1558,15.93677143,5.55803863
1559,16.82746873,13.76990236
1560,16.37670465,0.00000000
1561,16.94535817,10.20288253
1562,16.55114766,9.58622209
1563,17.50934138,12.96498036
1564,17.72825815,14.81085986
1565,17.43377166,14.20237995
1566,17.34088915,13.19699664
1567,15.85542012,10.04528612
1568,20.06514148,4.76921064
1569,18.06168251,3.98415133
1570,17.78602026,0.13710818
1571,16.89313089,8.62347069
1572,16.71990622,11.58585937
1573,16.88852061,4.17485515
1574,16.67287314,11.71720850
1575,17.20465951,7.99780512
1576,17.28731604,12.24767330
1577,17.87270272,8.65825303
1578,9.94797341,0.00000000
1579,17.58425621,14.22313080
1580,17.43536345,8.02248950
1581,16.04632962,8.47306596
1582,19.48150011,13.20077944
1583,18.01271620,5.00709914
1584,18.22292765,0.31629352
1585,17.53727949,11.65446955
1586,17.29301221,10.37298164
1587,17.22789196,0.39037060
1588,17.21249509,8.94235437
1589,17.59930625,7.77232853
1590,17.81792629,12.46342312
1591,18.16480768,9.84083027
1592,4.11912734,15.23067370
1593,9.98165395,0.00000000
1594,14.16224499,1.37854949
1595,16.41623973,8.01031299
1596,20.52418690,13.94883166
1597,17.70058296,4.54682759
1598,18.35065843,5.31557870
1599,17.87520863,7.87652895
1600,17.83770096,8.45894723
1601,4.96355431,13.57676169
1602,17.37357595,9.19237671
1603,17.82597748,9.80483407
1604,17.94858754,14.14592528
1605,18.37870860,2.36515092
1606,14.77658998,4.43260959
1607,11.39166453,0.00000000
1608,13.48259641,0.00000000
1609,16.42071631,8.61898376
1610,18.42788031,1.33223611
1611,15.48675066,1.27219072
1612,16.08137042,4.27840591
1613,17.51609722,5.01677123
1614,17.91928270,10.94466898
1615,15.05642834,11.96071329
1616,17.00124211,0.00000000
1617,18.00451434,7.80895324
1618,17.66539801,12.99300073
1619,16.83761649,10.08436529
1620,8.18007643,0.00000000
1621,15.97068650,5.47257033
1622,16.32051145,9.17228478
1623,5.28075999,10.76223598
1624,10.43870291,6.92533608
1625,12.07894344,9.41265088
1626,15.36741824,4.81351652
1627,16.42793179,3.53330365
1628,13.77779807,3.73580159
1629,14.63275873,6.01590706
1630,15.31129294,14.42271558
1631,15.84517958,6.13896771
1632,16.52804412,13.16662128
1633,17.19660092,12.60351695
1634,14.99322659,13.46106584
1635,15.49774250,13.71637627
1636,16.25834836,14.69177931
1637,14.00040889,6.94738544
1638,13.34042189,0.00000000
1639,14.70654650,2.45237104
1640,13.15849961,0.00000000
1641,14.47945050,0.44377542
1642,13.94266711,0.00000000
1643,13.04748380,3.89111951
1644,14.98219900,8.42076506
1645,3.67885115,9.87707539
1646,16.77746214,7.85824461
1647,16.45241730,1.68767225
1648,16.34882169,14.36078081
1649,15.75493105,13.15262290
1650,15.90907269,6.50528327
1651,11.75282282,5.56554942
1652,0.00000000,0.00000000
1653,0.00000000,0.00000000
1654,0.00000000,0.00000000
1655,0.00000000,0.00000000
1656,0.00000000,0.00000000
1657,0.00000000,0.00000000
1658,0.00000000,0.00000000
1659,0.00000000,0.00000000
1660,0.44255895,0.00000000
1661,0.26780132,0.00000000
1662,0.23036160,1.62222858
1663,0.21820200,1.12494476
1664,1.72310189,0.25781185
1665,0.00000000,0.00000000
1666,0.00000000,0.00000000
1667,0.00000000,0.00000000
1668,0.00000000,0.00000000
1669,0.00000000,0.00000000
1670,0.00000000,0.00000000
1671,0.00000000,0.00000000
1672,0.00000000,0.00000000
1673,0.00000000,0.00000000
1674,0.45778541,0.00000000
1675,0.00000000,0.00000000
1676,1.32569072,0.00000000
1677,0.23881001,0.91637636
1678,1.68371715,0.00000000
1679,0.25788370,0.00000000
1680,0.00000000,0.00000000
1681,0.00000000,0.00000000
1682,0.00000000,0.00000000
1683,0.00000000,0.00000000
1684,0.00000000,0.00000000
1685,0.00000000,0.00000000
1686,0.00000000,0.00000000
1687,0.25279398,0.00000000
1688,0.67611118,0.00000000
1689,0.00000000,0.00000000
1690,0.00000000,0.00000000
1691,0.00000000,0.00000000
1692,0.00000000,0.00000000
1693,0.00000000,0.00000000
1694,0.00000000,0.00000000
1695,0.00000000,0.00000000
1696,0.00000000,0.00000000
1697,0.00000000,0.00000000
1698,4.68421258,0.00000000
1699,4.35098729,0.00000000
1700,14.63937616,0.00000000
1701,2.23518807,0.00000000
1702,12.90477226,0.00000000
1703,12.12285943,2.02264582
1704,11.35179119,0.00000000
1705,16.00155362,0.00000000
1706,16.95164168,2.80096799
1707,10.69086795,1.84013435
1708,0.00000000,0.00000000
1709,0.00000000,0.00000000
1710,3.76111445,0.00000000
1711,12.73786176,0.00000000
1712,15.79415355,3.11856312
1713,16.03982656,3.06872211
1714,17.14845493,5.05272214
1715,15.94064016,3.45052923
1716,17.31750183,0.00000000
1717,16.66344680,1.22718577
1718,17.28243472,6.20040432
1719,15.91466016,6.34214267
1720,17.13738121,10.51471932
1721,16.00258200,5.79410391
1722,20.34842471,-7.46484085
1723,17.87735609,-5.94344221
1724,16.66995915,0.37838025
1725,16.28439306,2.75826672
1726,16.22575117,4.01514202
1727,16.67304869,10.13173138
1728,2.62878194,10.59579242
1729,17.05613682,4.21376223
1730,17.12334121,1.53298349
1731,17.58309575,9.27778977
1732,17.83224589,9.63576656
1733,17.05677594,10.05931007
1734,17.19019705,11.21565849
1735,15.09303105,7.53652487
1736,19.75136180,-17.33854015
1737,18.01841685,-11.00519797
1738,17.73338320,-4.73109380
1739,16.74825273,2.73262726
1740,16.37402699,6.88896169
1741,17.15928835,6.11102884
1742,15.25497871,4.67881003
1743,17.21408305,5.75485776
1744,17.36689830,11.69810884
1745,17.73632552,8.97916225
1746,17.71828892,8.19156295
1747,17.38507138,12.73159777
1748,17.46711738,10.24512689
1749,16.41401985,5.47274011
1750,19.58286709,-8.87636105
1751,17.76123292,-9.37805387
1752,17.65016334,-4.69331883
1753,17.16682966,0.30142061
1754,17.16667724,10.44272972
1755,17.05644545,2.48626316
1756,17.14514705,2.17871464
1757,17.54679727,6.26992113
1758,17.37493410,10.26626828
1759,17.59303274,5.78675695
1760,12.23963137,0.00000000
1761,17.33916159,9.90664120
1762,17.31923783,9.04070923
1763,16.38246529,6.49709145
1764,19.21962189,-0.71460805
1765,17.39614198,-2.98523665
1766,17.08469595,-6.69526954
1767,16.59308703,2.93409619
1768,17.29666790,5.82471844
1769,17.06597921,5.13615469
1770,17.13251401,1.47750957
1771,17.44038555,6.12538942
1772,17.18826642,10.59847798
1773,17.09453306,5.60645629
1774,7.83105714,0.00000000
1775,16.36120557,8.87861605
1776,16.68720952,6.79601097
1777,15.99743068,7.17273288
1778,11.29454908,-8.91599827
1779,14.59857796,-16.43350482
1780,15.29600370,-6.28477976
1781,16.12583343,0.63671149
1782,13.71503631,2.21853916
1783,15.83721668,3.26745174
1784,15.74822581,8.07856894
1785,16.91253293,7.86025418
1786,16.61702487,11.93212643
1787,16.78577068,10.56325366
1788,14.15616008,4.99474352
1789,15.56390156,11.77094052
1790,16.14380911,10.20029857
1791,14.77604428,-0.62507969
1792,3.76176924,-3.38981619
1793,8.18849726,-3.49039001
1794,1.48296428,-5.46434092
1795,13.26490417,1.29486657
1796,11.70996008,6.32983270
1797,12.84370403,5.18584170
1798,13.75158285,10.04832980
1799,8.61145589,1.89400404
1800,14.86275288,6.93366535
1801,13.96769049,7.01952173
1802,15.90770586,9.77828765
1803,15.04179860,10.59248473
1804,15.66334288,10.05008758
1805,2.24506746,8.78487905
1806,2.51624688,-4.58490257
1807,-17.62523244,-18.98806234
1808,-7.30253444,-12.03322922
1809,11.79892696,0.00000000
1810,11.98338766,0.00000000
1811,13.05088826,2.22206714
1812,14.66901961,0.15877963
1813,8.24295389,0.67019741
1814,14.18206036,5.10681805
1815,13.91176757,-1.37018951
1816,14.69539346,-1.77335128
1817,14.57063845,4.53889602
1818,12.34347583,0.78733903
1819,9.05702347,1.44090352
1820,0.00000000,0.00000000
1821,0.00000000,0.00000000
1822,0.00000000,0.00000000
1823,0.00000000,0.00000000
1824,0.00000000,0.00000000
1825,0.00000000,0.00000000
1826,0.00000000,0.00000000
1827,0.41422820,0.00000000
1828,0.00000000,0.00000000
1829,0.57236448,0.00000000
1830,-2.86738730,0.00000000
1831,0.46847119,0.00000000
1832,1.85130036,0.57538462
1833,0.00000000,0.00000000
1834,0.00000000,0.00000000
1835,0.00000000,0.00000000
1836,0.00000000,0.00000000
1837,0.00000000,0.00000000
1838,0.00000000,0.00000000
1839,0.00000000,0.00000000
1840,0.00000000,0.00000000
1841,0.23477000,0.00000000
1842,0.00000000,0.00000000
1843,0.23680426,0.00000000
1844,1.08465499,0.20808032
1845,1.42764196,0.83085114
1846,0.49357159,0.00000000
1847,0.21190999,0.00000000
1848,0.00000000,0.00000000
1849,0.00000000,0.00000000
1850,0.00000000,0.00000000
1851,0.00000000,0.00000000
1852,0.00000000,0.00000000
1853,0.00000000,0.00000000
1854,0.00000000,0.00000000
1855,0.00000000,0.00000000
1856,0.28684595,0.00000000
1857,0.00000000,0.00000000
1858,0.00000000,0.00000000
1859,0.00000000,0.00000000
1860,0.00000000,0.00000000
1861,0.00000000,0.00000000
1862,0.00000000,0.00000000
1863,0.00000000,0.00000000
1864,0.00000000,0.00000000
1865,0.00000000,0.00000000
1866,2.04491208,0.00000000
1867,0.65137551,0.00000000
1868,9.43748031,0.00000000
1869,0.39442608,0.00000000
1870,4.88649065,0.00000000
1871,1.26503502,0.00000000
1872,6.98587267,0.00000000
1873,14.34981960,0.32620998
1874,13.65864584,0.00000000
1875,10.87913627,1.14339567
1876,0.00000000,0.00000000
1877,0.00000000,0.00000000
1878,0.00000000,0.00000000
1879,6.44871840,0.00000000
1880,15.81179461,1.51841901
1881,16.09964173,0.69416403
1882,16.90036223,4.11957826
1883,16.30630095,0.00000000
1884,16.98162624,2.21459539
1885,16.35947966,0.38978985
1886,16.91200658,0.00000000
1887,15.65792653,1.83567918
1888,16.89606283,7.09738198
1889,12.78437504,1.62820012
1890,14.99361793,0.00000000
1891,8.25449872,0.00000000
1892,9.78695271,-0.24138483
1893,13.97822480,0.00000000
1894,16.01328850,2.96763074
1895,16.59169141,1.39926980
1896,15.70861363,0.64835782
1897,15.90781986,1.75710049
1898,16.79922829,0.91429330
1899,16.93182877,-1.27193600
1900,17.21190920,4.28427092
1901,16.70247615,1.66990886
1902,16.97845210,5.14188632
1903,15.61518270,-1.70959448
1904,18.81158023,-17.45497783
1905,17.49447555,-12.19777158
1906,14.56595895,0.00000000
1907,15.67164535,2.23458625
1908,15.80240074,-0.14537067
1909,16.40634969,3.02599312
1910,15.94103715,5.28316314
1911,16.91926830,2.97401828
1912,16.91079001,4.14377681
1913,17.28768273,7.81252770
1914,17.28683057,4.03857526
1915,17.20140397,5.79884743
1916,16.84477385,5.05957755
1917,13.82114367,-0.49465971
1918,18.33357560,-31.62356969
1919,17.09690636,-35.10975252
1920,16.62923475,-2.96024784
1921,16.57968707,1.39699316
1922,15.85805145,1.61043567
1923,16.44030941,3.66818018
1924,15.72246449,4.71046624
1925,17.06068430,3.69412600
1926,16.81819850,7.49148303
1927,17.07068204,4.10721883
1928,16.73594484,5.33235552
1929,16.65348864,6.53002725
1930,16.71131407,4.11227471
1931,16.26673775,2.41839745
1932,17.59961686,-23.69786136
1933,16.47535013,-28.16916754
1934,16.40986467,-8.61380917
1935,16.02852522,1.08146601
1936,14.92259818,-0.26366057
1937,15.90526462,1.89445423
1938,15.34854478,4.25953261
1939,16.46022231,3.20749739
1940,16.10782892,8.19350987
1941,16.35837313,6.70708951
1942,15.99427350,5.86675563
1943,16.12873081,5.75720745
1944,16.36180934,5.14248837
1945,16.06035943,-1.44463001
1946,8.20229266,-23.46437641
1947,13.75128922,-12.53398704
1948,11.35110524,0.00000000
1949,12.19810500,1.42671988
1950,13.34388372,1.32052829
1951,13.23462597,-0.96708875
1952,13.73119949,7.18089036
1953,16.20385529,2.21310671
1954,15.57702049,7.29147724
1955,15.13835391,5.34300616
1956,15.48715626,5.79664021
1957,15.23080185,8.74639437
1958,15.49695830,2.60093346
1959,-6.46055179,7.76777054
1960,-25.38440645,-38.68196757
1961,-30.69100594,-37.70242145
1962,-34.17802188,-31.95008791
1963,11.57959836,0.47103446
1964,8.12562885,0.49745094
1965,12.76481102,1.76255284
1966,12.98638247,-0.35310553
1967,-9.53148422,5.04628074
1968,10.26794133,5.17969143
1969,11.09694168,-2.10027147
1970,14.42437734,-6.64736897
1971,9.47699376,5.97427057
1972,9.48671974,1.60497486
1973,5.41483791,-3.89468542
1974,-27.96386652,-41.50615156
1975,-31.47737061,-37.38074259
1976,-29.11268238,-27.27489138
1977,0.18514749,3.63333674
1978,6.36320523,0.00000000
1979,-7.93403967,2.70100924
1980,10.18463082,1.31825284
1981,3.78657566,-2.83118532
1982,9.74893312,2.11970250
1983,9.31272883,-5.96840483
1984,-2.05650432,6.41626472
1985,8.99767310,-6.61730030
1986,9.22738157,-3.88047928
1987,6.99371705,-7.29265533
1988,0.00000000,0.00000000
1989,0.00000000,0.00000000
1990,0.00000000,0.00000000
1991,0.00000000,0.00000000
1992,0.00000000,0.00000000
1993,0.00000000,0.00000000
1994,0.00000000,0.00000000
1995,0.52847097,0.00000000
1996,0.15562146,0.00000000
1997,-15.43015308,0.00000000
1998,-10.51870768,-16.00000000
1999,1.44166979,0.00000000
2000,1.08428542,0.00000000
2001,0.00000000,0.00000000
2002,0.00000000,0.00000000
2003,0.00000000,0.00000000
2004,0.00000000,0.00000000
2005,0.00000000,0.00000000
2006,0.00000000,0.00000000
2007,0.00000000,0.00000000
2008,0.16035752,0.00000000
2009,0.15340945,0.00000000
2010,0.17622947,0.00000000
2011,0.74993709,0.00000000
2012,0.15376626,0.00000000
2013,1.23695130,0.00000000
2014,1.14518981,0.00000000
2015,0.00000000,0.26754769
2016,0.00000000,0.00000000
2017,0.00000000,0.00000000
2018,0.00000000,0.00000000
2019,0.00000000,0.00000000
2020,0.00000000,0.00000000
2021,0.00000000,0.00000000
2022,0.00000000,0.00000000
2023,0.00000000,0.00000000
2024,0.18768431,0.00000000
2025,0.00000000,0.00000000
2026,0.00000000,0.00000000
2027,0.00000000,0.00000000
2028,0.00000000,0.00000000
2029,0.00000000,0.00000000
2030,0.00000000,0.00000000
2031,0.00000000,0.00000000
2032,0.00000000,0.00000000
2033,0.00000000,0.00000000
2034,0.18572617,0.00000000
2035,0.00000000,0.00000000
2036,0.17422446,-1.32451944
2037,0.00000000,0.00000000
2038,0.48932176,0.00000000
2039,0.00000000,0.00000000
2040,0.00000000,0.00000000
2041,1.31969505,0.00000000
2042,0.45009318,0.00000000
2043,13.09540418,-2.31435865
2044,0.00000000,0.00000000
2045,0.00000000,0.00000000
2046,0.00000000,0.00000000
2047,2.67042030,0.00000000
2048,3.33545051,0.00000000
2049,10.70178004,-2.51280733
2050,15.16986758,-1.24411080
2051,12.49908465,0.00000000
2052,15.18047413,0.44937909
2053,15.69537621,1.10601261
2054,16.09048261,0.00000000
2055,15.15544807,-1.02799797
2056,16.48551171,0.65708156
2057,13.01374108,-6.56280511
2058,0.00000000,0.00000000
2059,0.00000000,0.00000000
2060,0.17484348,0.00000000
2061,6.97872607,0.00000000
2062,15.29998494,-3.42247544
2063,15.80170800,-3.11911908
2064,15.44655068,-2.99993704
2065,15.84579440,-0.88246785
2066,16.17630929,-1.23486092
2067,15.70571155,-1.75985419
2068,16.41315334,-2.05777828
2069,15.84832746,-0.08645899
2070,16.53928819,-0.32303818
2071,15.16046601,-3.35510088
2072,17.38550407,0.00000000
2073,14.07383956,-8.46037112
2074,10.02102746,-6.13220778
2075,12.78904401,0.19084300
2076,15.43353522,-1.44016912
2077,15.91209133,-3.69536765
2078,15.69054212,0.44460248
2079,15.72794600,-4.75912646
2080,16.04151787,-2.48825029
2081,16.16100507,-0.50933845
2082,16.17292653,1.99783581
2083,15.89558732,-1.10304358
2084,16.03030720,-11.32708545
2085,14.79243189,-10.88613931
2086,18.28934071,0.00000000
2087,16.07922411,-14.31542297
2088,12.77891956,0.00000000
2089,13.67485328,1.14924094
2090,14.87380117,-11.19948939
2091,14.93549700,-0.30149970
2092,15.09082046,0.53443449
2093,15.84672572,1.15445376
2094,15.72917538,1.01622619
2095,16.12185621,0.28501760
2096,16.02522919,-1.31426272
2097,15.73466167,-2.39542306
2098,15.43639628,-6.76229580
2099,13.63908588,-9.00906183
2100,16.29398353,-16.66842618
2101,15.35661198,-32.30820603
2102,11.11665472,-15.87085412
2103,12.25288419,0.28244424
2104,14.22979759,-7.89110303
2105,14.08150756,-4.70427228
2106,14.37102625,1.00777907
2107,15.04575470,0.60900854
2108,14.39556840,1.91561341
2109,15.48109732,-4.07434485
2110,15.34538664,1.55952269
2111,15.02813108,-2.48175209
2112,14.66056598,1.09465233
2113,11.74667013,-7.94186386
2114,-17.01548364,-50.73157276
2115,-50.75061356,-60.81079447
2116,-20.85963506,-41.00066748
2117,11.24666979,0.24136523
2118,11.23474946,-8.62328966
2119,13.45530444,-4.75527487
2120,13.54363639,-3.15039282
2121,13.94998313,-2.06485754
2122,11.62419022,-3.76828067
2123,11.47708746,-4.17294802
2124,13.99173991,-0.01960355
2125,13.55824674,-0.67163540
2126,10.51564430,-8.48879909
2127,5.98524279,-7.54447253
2128,-63.28572949,-76.28620473
2129,-63.09861710,-67.92527292
2130,-59.36627572,-55.82978678
2131,5.34305608,0.20542072
2132,0.95228448,-10.20212638
2133,4.02837526,-12.57641211
2134,2.22204155,-6.18128388
2135,2.03290285,-6.37343906
2136,7.86955732,-1.99397945
2137,7.83248087,-12.15192758
2138,4.89504890,-10.89321445
2139,1.77833083,-10.67561861
2140,8.52313538,-8.61732712
2141,4.50286530,-9.35261936
2142,-64.73452798,-76.85338206
2143,-63.60988560,-71.36965525
2144,-56.33605836,-69.30591565
2145,0.15137529,1.48701280
2146,-7.32743846,-7.28188011
2147,0.91595717,-11.74177372
2148,4.54545253,-12.79657125
2149,3.83249193,-5.48992948
2150,5.50599966,-5.03688775
2151,7.04995607,-16.50627720
2152,5.82905555,-6.67366504
2153,-0.04171640,-15.92933044
2154,4.14262518,-13.55258653
2155,1.30231622,-12.30437254
2156,0.00000000,0.00000000
2157,0.00000000,0.00000000
2158,0.00000000,0.00000000
2159,0.00000000,0.00000000
2160,0.00000000,0.00000000
2161,0.00000000,0.00000000
2162,0.15429679,0.00000000
2163,0.13280144,0.00000000
2164,0.13699746,0.00000000
2165,0.14652799,0.67098339
2166,0.13315825,-15.88615160
2167,1.32089653,0.00000000
2168,0.33951355,0.51704722
2169,0.00000000,0.00000000
2170,0.00000000,0.00000000
2171,0.00000000,0.00000000
2172,0.00000000,0.00000000
2173,0.00000000,0.00000000
2174,0.00000000,0.00000000
2175,0.00000000,0.00000000
2176,0.11943459,0.00000000
2177,0.00000000,0.00000000
2178,0.14819126,0.00000000
2179,-15.89470452,-15.76527558
2180,0.15175328,0.41955243
2181,-15.76002422,0.00000000
2182,0.13745608,0.26706863
2183,0.00000000,0.00000000
2184,0.00000000,0.00000000
2185,0.00000000,0.00000000
2186,0.00000000,0.00000000
2187,0.00000000,0.00000000
2188,0.00000000,0.00000000
2189,0.00000000,0.00000000
2190,0.00000000,0.00000000
2191,0.00000000,0.00000000
2192,0.15869232,0.00000000
2193,0.00000000,0.00000000
2194,0.00000000,0.00000000
2195,0.00000000,0.00000000
2196,0.00000000,0.00000000
2197,0.00000000,0.00000000
2198,0.00000000,0.00000000
2199,0.00000000,0.00000000
2200,0.00000000,0.00000000
2201,0.00000000,0.00000000
2202,0.00000000,0.00000000
2203,0.00000000,0.00000000
2204,0.00000000,0.00000000
2205,0.00000000,0.00000000
2206,0.00000000,0.00000000
2207,0.00000000,0.00000000
2208,0.00000000,0.00000000
2209,0.00000000,0.00000000
2210,0.00000000,0.00000000
2211,0.00000000,0.00000000
2212,0.00000000,0.00000000
2213,0.00000000,0.00000000
2214,0.00000000,0.00000000
2215,0.00000000,0.00000000
2216,1.71986077,0.00000000
2217,2.59218588,0.00000000
2218,11.00153273,0.00000000
2219,3.53121127,0.00000000
2220,8.89175452,-0.94762233
2221,8.81402669,0.00000000
2222,6.13192927,0.00000000
2223,13.35070916,-11.05039068
2224,15.46910873,-2.44159954
2225,11.58600322,-15.92771404
2226,0.00000000,0.00000000
2227,0.00000000,0.00000000
2228,0.00000000,0.00000000
2229,1.81198232,0.00000000
2230,14.52672367,-2.84993541
2231,14.09281576,-2.08049357
2232,15.10413567,0.00000000
2233,14.92562546,-6.40922625
2234,14.95629621,-1.29990201
2235,15.18359513,-0.32673226
2236,15.24548720,0.00000000
2237,14.63554922,-2.43132895
2238,15.46871179,-18.14911359
2239,12.28861322,-20.20556944
2240,0.00000000,0.00000000
2241,0.00000000,0.00000000
2242,0.00000000,0.00000000
2243,8.39041546,0.00000000
2244,13.97446453,-7.03219815
2245,14.61995454,-6.01416431
2246,14.55659661,-14.71265130
2247,14.46675789,-18.05236545
2248,14.98986728,-6.13828231
2249,14.45985192,-5.91958582
2250,14.98525047,0.00000000
2251,14.94253275,-12.99694594
2252,14.96749450,-27.37785498
2253,4.01901807,-30.59458773
2254,2.39572399,0.00000000
2255,5.58343024,0.00000000
2256,1.77373226,0.00000000
2257,4.40627551,0.00000000
2258,13.71470711,-2.96815730
2259,13.88298208,-8.15533874
2260,14.30488001,-0.63128239
2261,14.09575851,-19.15701871
2262,13.77539137,-14.81958094
2263,13.70171541,-11.99836166
2264,14.86211147,-7.61239439
2265,13.87205790,-10.30638665
2266,14.12902399,-25.11439952
2267,4.36842425,-26.00518498
2268,-37.41987219,-40.72960000
2269,-14.43355525,0.00000000
2270,-15.88581377,-20.56404220
2271,0.60242240,0.60977676
2272,11.82368200,-4.33079382
2273,12.97552644,-5.68656278
2274,12.95132980,-16.76242426
2275,12.36354778,-11.96118803
2276,12.86279548,-0.29746170
2277,11.81455022,-8.88695391
2278,13.31217451,-1.86011256
2279,13.34752993,-9.87785655
2280,13.06620284,-23.39530347
2281,6.40041857,-20.92514363
2282,-88.82275278,-87.65896930
2283,-91.65411736,-91.29216874
2284,-57.52553019,-58.17880576
2285,2.21815945,0.00000000
2286,6.38038171,-2.22921332
2287,9.47534018,-24.51784560
2288,-0.12574445,-6.84125222
2289,3.33869611,-21.36165589
2290,10.75026786,-19.39800713
2291,8.95671460,-12.09914690
2292,8.10922011,-24.89300802
2293,2.86033008,-9.84958746
2294,10.12546011,-24.26574891
2295,6.02383553,-33.32557781
2296,-96.35828097,-96.47978732
2297,-93.85575426,-92.68542174
2298,-60.98615016,-63.71659384
2299,-0.05569178,-1.15633439
2300,-28.87780895,-26.81444094
2301,-11.64796679,-26.73762727
2302,-0.56259080,-15.59740440
2303,-0.45360564,-26.19920062
2304,0.68114336,-13.60139065
2305,4.17648932,-22.20684742
2306,2.88469463,-17.90980804
2307,-2.82370408,-28.46530873
2308,-3.97961830,-35.70502354
2309,-19.68501886,-26.69735262
2310,-75.21241089,-70.49096535
2311,-79.17842515,-82.50987712
2312,-57.93679848,-50.77394657
2313,-9.61079468,-3.20037137
2314,-22.89403938,-24.30287614
2315,-13.90783507,-38.63533908
2316,-6.29196521,-23.40081778
2317,-1.97328920,-24.05750563
2318,-3.91484059,-13.76461314
2319,-0.17269614,-26.41500709
2320,1.28828701,-36.91122405
2321,-11.24986555,-32.33962247
2322,-6.22691082,-38.77232975
2323,-23.48764692,-27.73237360
2324,0.00000000,0.00000000
2325,0.00000000,0.00000000
2326,0.00000000,0.00000000
2327,0.00000000,0.00000000
2328,0.00000000,0.00000000
2329,0.00000000,0.00000000
2330,0.20413985,0.00000000
2331,0.11417744,0.00000000
2332,0.11446512,0.10676597
2333,0.11292200,-15.83359612
2334,0.34660161,0.10858228
2335,0.00000000,0.31304595
2336,0.49888508,0.00000000
2337,0.00000000,0.00000000
2338,0.00000000,0.00000000
2339,0.00000000,0.00000000
2340,0.00000000,0.00000000
2341,0.00000000,0.00000000
2342,0.00000000,0.00000000
2343,0.00000000,0.00000000
2344,0.00000000,0.00000000
2345,0.00000000,0.00000000
2346,0.08982944,0.00000000
2347,-15.55648096,0.00000000
2348,0.27777830,0.00000000
2349,0.10654190,-0.05628040
2350,0.23702577,0.52981568
2351,0.16249024,0.00000000
2352,0.00000000,0.00000000
2353,0.00000000,0.00000000
2354,0.00000000,0.00000000
2355,0.00000000,0.00000000
2356,0.00000000,0.00000000
2357,0.00000000,0.00000000
2358,0.00000000,0.00000000
2359,0.00000000,0.00000000
2360,0.00000000,0.00000000
2361,0.00000000,0.00000000
2362,0.00000000,0.00000000
2363,0.00000000,0.00000000
2364,0.00000000,0.00000000
2365,0.00000000,0.00000000
2366,0.00000000,0.00000000
2367,0.00000000,0.00000000
2368,0.00000000,0.00000000
2369,0.00000000,0.00000000
2370,0.00000000,0.00000000
2371,0.00000000,0.00000000
2372,0.00000000,0.00000000
2373,0.00000000,0.00000000
2374,0.13168434,0.00000000
2375,0.10666034,0.00000000
2376,0.00000000,0.00000000
2377,0.00000000,0.00000000
2378,0.00000000,0.00000000
2379,0.00000000,0.00000000
2380,0.00000000,0.00000000
2381,0.00000000,0.00000000
2382,0.00000000,0.00000000
2383,0.00000000,0.00000000
2384,1.10048993,0.00000000
2385,0.00000000,0.00000000
2386,3.37635149,0.00000000
2387,0.22833090,0.00000000
2388,1.39681357,0.00000000
2389,1.40926382,0.00000000
2390,0.58420079,0.00000000
2391,10.46858543,0.00000000
2392,12.16460569,0.00000000
2393,11.73050400,-2.93213745
2394,0.00000000,0.00000000
2395,0.00000000,0.00000000
2396,0.00000000,0.00000000
2397,0.64815542,0.00000000
2398,2.25609971,0.00000000
2399,5.76258111,0.00000000
2400,10.34449787,-6.22819096
2401,10.80083030,0.00000000
2402,10.93005996,-8.42047548
2403,13.63780510,-5.26075317
2404,13.68263706,0.00000000
2405,11.34556909,-4.01096869
2406,14.68677287,-18.70580382
2407,12.09147662,-38.69235821
2408,0.00000000,0.00000000
2409,0.00000000,0.00000000
2410,0.00000000,0.00000000
2411,0.44363367,0.00000000
2412,12.56935294,-7.24971248
2413,12.27993297,-23.08708328
2414,13.52185365,-15.16470135
2415,13.44467240,-14.56634273
2416,13.12759913,-9.31803119
2417,13.13745552,-21.86832547
2418,13.24021729,-18.05672886
2419,12.92499817,-17.32953598
2420,13.91609270,-32.54552280
2421,12.05021408,-49.49887818
2422,0.00000000,0.00000000
2423,0.00000000,0.00000000
2424,0.00000000,0.00000000
2425,1.42022475,0.00000000
2426,9.86298652,0.00000000
2427,12.09811446,-27.28174542
2428,12.18552400,-32.71071837
2429,11.82062644,-26.30152192
2430,12.16073497,-4.86657240
2431,11.95298699,-11.96235581
2432,12.63334064,-21.26361708
2433,12.05265819,-22.41211802
2434,13.28909059,-42.40369392
2435,5.92919533,-48.96378889
2436,0.00000000,0.00000000
2437,0.00000000,0.00000000
2438,-16.00000000,0.00000000
2439,0.88448420,0.17638665
2440,3.53323636,0.00000000
2441,8.50481284,-15.02106670
2442,11.07183097,-20.76281924
2443,10.22789293,-34.45649034
2444,10.31287437,-22.95714183
2445,10.07019677,-20.73298250
2446,10.78549535,-26.40580958
2447,-6.78849367,-27.24744605
2448,11.98536783,-33.72843190
2449,6.63950516,-46.34254483
2450,0.00000000,0.00000000
2451,0.00000000,0.00000000
2452,-15.73330076,0.00000000
2453,-15.45129948,-6.88493891
2454,0.01359109,-31.04580673
2455,6.48782052,-43.97090212
2456,1.26466043,-30.35066093
2457,5.99306141,-37.82427579
2458,2.23000829,-19.38230137
2459,7.20579252,-43.14463467
2460,5.62543632,-34.49744922
2461,-5.16343144,-40.85066968
2462,-1.38671355,-38.96201215
2463,3.44434108,-61.77944725
2464,0.00000000,0.00000000
2465,0.00000000,0.00000000
2466,-15.87982932,-3.89093395
2467,-12.90179164,-14.42208783
2468,-50.98370634,-40.77352316
2469,-59.56117604,-47.10723295
2470,-15.50492314,-36.92234854
2471,-20.27995409,-44.08274981
2472,-11.22159220,-34.87018399
2473,-9.14865974,-41.45639835
2474,-4.02433684,-42.68304183
2475,-16.23412421,-52.78857001
2476,-6.32892363,-49.14471302
2477,-49.30426445,-63.58851427
2478,0.00000000,0.00000000
2479,0.00000000,0.00000000
2480,-16.00000000,-15.17141539
2481,-8.37662340,-10.87658894
2482,-37.55324772,-39.54041220
2483,-54.94321088,-52.93606866
2484,-36.24214200,-46.32050443
2485,-32.92284777,-53.45794772
2486,-44.26051094,-42.34130772
2487,-49.60645430,-32.79707426
2488,-27.87871004,-49.90092257
2489,-31.85125223,-54.58006300
2490,-20.64969881,-60.39618811
2491,-45.55157641,-58.90270979
2492,0.00000000,0.00000000
2493,0.00000000,0.00000000
2494,0.00000000,0.00000000
2495,0.00000000,0.00000000
2496,0.00000000,0.00000000
2497,0.00000000,0.00000000
2498,-16.00000000,0.00000000
2499,0.06922144,0.00000000
2500,-15.88106023,0.00000000
2501,0.29679169,0.10962144
2502,-15.89195004,0.00000000
2503,0.06700533,-2.23400828
2504,0.31659634,0.06917129
2505,0.00000000,0.00000000
2506,0.00000000,0.00000000
2507,0.00000000,0.00000000
2508,0.00000000,0.00000000
2509,0.00000000,0.00000000
2510,0.00000000,0.00000000
2511,0.00000000,0.00000000
2512,0.15103009,0.00000000
2513,0.06704594,0.00000000
2514,0.00000000,0.08218999
2515,-16.00000000,0.00000000
2516,-15.81581719,0.00000000
2517,-13.37482769,-17.00139474
2518,0.48147379,0.00000000
2519,0.00000000,0.00000000
2520,0.00000000,0.00000000
2521,0.00000000,0.00000000
2522,0.00000000,0.00000000
2523,0.00000000,0.00000000
2524,0.00000000,0.00000000
2525,0.00000000,0.00000000
2526,0.00000000,0.00000000
2527,0.00000000,0.00000000
2528,0.00000000,0.00000000
2529,0.00000000,0.00000000
2530,0.00000000,0.00000000
2531,0.00000000,0.00000000
2532,0.00000000,0.00000000
2533,0.00000000,0.00000000
2534,0.00000000,0.00000000
2535,0.00000000,0.00000000
2536,0.00000000,0.00000000
2537,0.00000000,0.00000000
2538,0.00000000,0.00000000
2539,0.00000000,0.00000000
2540,0.00000000,0.00000000
2541,0.00000000,0.00000000
2542,0.00000000,0.00000000
2543,0.00000000,0.00000000
2544,0.00000000,0.00000000
2545,0.00000000,0.00000000
2546,0.00000000,0.00000000
2547,0.00000000,0.00000000
2548,0.00000000,0.00000000
2549,0.00000000,0.00000000
2550,0.00000000,0.00000000
2551,0.00000000,0.00000000
2552,0.09004614,0.00000000
2553,0.00000000,0.00000000
2554,0.00000000,0.00000000
2555,0.00000000,0.00000000
2556,0.00000000,0.00000000
2557,0.08362035,0.00000000
2558,0.00000000,0.00000000
2559,0.00000000,0.00000000
2560,0.00000000,0.00000000
2561,3.68571288,0.00000000
2562,0.00000000,0.00000000
2563,0.00000000,0.00000000
2564,0.00000000,0.00000000
2565,0.00000000,0.00000000
2566,0.65087027,0.00000000
2567,1.44900973,0.00000000
2568,6.98668580,0.00000000
2569,1.52887768,0.00000000
2570,2.17174469,0.00000000
2571,3.99819195,0.00000000
2572,1.70011467,-1.88586670
2573,8.71274280,-10.09664902
2574,12.34992258,-9.80591029
2575,10.49903284,-40.76105525
2576,0.00000000,0.00000000
2577,0.00000000,0.00000000
2578,0.00000000,0.00000000
2579,0.57855842,0.00000000
2580,6.50014019,0.00000000
2581,5.87245094,-10.37863203
2582,9.17083047,-7.38044970
2583,10.86618004,-10.29491027
2584,8.11176570,-18.83001387
2585,11.00205978,0.00000000
2586,11.53006477,-0.61008348
2587,10.23760943,0.00000000
2588,12.05875802,-24.67861712
2589,10.26375692,-51.39862583
2590,0.00000000,0.00000000
2591,0.00000000,0.00000000
2592,-15.93904873,0.00000000
2593,0.32860914,0.00000000
2594,8.62240526,0.00000000
2595,9.48750713,-9.88857703
2596,9.78510859,-4.74415947
2597,10.49292698,-26.36003385
2598,9.10739245,-14.03028073
2599,10.42743968,-10.92334568
2600,10.54646719,0.00000000
2601,10.48702100,-10.59829625
2602,11.08994652,-41.62538348
2603,9.45198907,-59.71552003
2604,0.00000000,0.00000000
2605,0.00000000,0.00000000
2606,0.18837419,0.00000000
2607,0.07217705,0.00000000
2608,-4.26124120,-13.59435357
2609,8.52946091,-33.63887484
2610,6.46407519,-11.31219726
2611,8.94982370,-35.46942472
2612,3.30423660,0.00000000
2613,9.17040433,-44.10163451
2614,9.49051451,-13.26956175
2615,-2.98683185,-15.48313058
2616,7.31062503,-41.36353495
2617,7.97882384,-62.55483420
2618,0.00000000,0.00000000
2619,0.00000000,0.00000000
2620,-16.00000000,0.00000000
2621,-15.95888618,-9.17049339
2622,-26.37376012,-23.86361931
2623,-6.98307742,-20.40722965
2624,-5.22844086,-28.26162082
2625,-18.30071837,-47.81075982
2626,-33.72652191,-24.49616983
2627,-17.58335076,-31.62510181
2628,3.29460257,-44.44816870
2629,-3.24375681,-51.94787895
2630,-0.61112323,-50.69398408
2631,-6.35324894,-59.81183571
2632,0.00000000,0.00000000
2633,0.00000000,0.00000000
2634,-16.00000000,-2.25356902
2635,-34.19385896,-32.71464813
2636,-49.22320521,-53.32990208
2637,-70.89923010,-60.04998762
2638,-31.01542629,-54.23388753
2639,-61.52806672,-58.54743475
2640,-41.23382067,-55.16471372
2641,-29.02348833,-60.36455710
2642,-27.10198855,-58.74850405
2643,-64.62346992,-69.73268092
2644,-41.78922669,-63.92025638
2645,-51.63398944,-69.97620939
2646,0.00000000,0.00000000
2647,0.00000000,0.00000000
2648,-27.24670814,-30.67875962
2649,-47.17051480,-43.03703497
2650,-49.90328565,-60.28008767
2651,-68.55563077,-66.16220923
2652,-54.84831851,-48.36762657
2653,-54.46483830,-60.57256445
2654,-53.33065530,-62.18144518
2655,-26.17261194,-58.02879761
2656,-44.21685015,-60.64091898
2657,-57.62659662,-64.35563081
2658,-56.08127923,-59.96803531
2659,-67.25371264,-76.86494695
2660,0.00000000,0.00000000
2661,0.00000000,0.00000000
2662,0.00000000,0.00000000
2663,0.00000000,0.00000000
2664,0.00000000,0.00000000
2665,0.00000000,0.00000000
2666,0.13708814,0.03078445
2667,0.08149182,0.00000000
2668,0.04741792,0.00000000
2669,-16.00000000,0.02148374
2670,0.10242805,0.00000000
2671,0.09434692,0.00000000
2672,0.26828052,0.06055929
2673,0.00000000,0.00000000
2674,0.00000000,0.00000000
2675,0.00000000,0.00000000
2676,0.00000000,0.00000000
2677,0.00000000,0.00000000
2678,0.00000000,0.00000000
2679,0.00000000,0.00000000
2680,0.00000000,0.00000000
2681,0.00000000,0.00000000
2682,-16.00000000,0.00000000
2683,-16.00000000,0.09272118
2684,-15.96130984,-11.19614084
2685,-29.41348780,-28.95150379
2686,0.05313916,0.00000000
2687,0.00000000,0.00000000
2688,0.00000000,0.00000000
2689,0.00000000,0.00000000
2690,0.00000000,0.00000000
2691,0.00000000,0.00000000
2692,0.00000000,0.00000000
2693,0.00000000,0.00000000
2694,0.00000000,0.00000000
2695,0.00000000,0.00000000
2696,0.00000000,0.00000000
2697,0.00000000,0.00000000
2698,0.00000000,0.00000000
2699,0.00000000,0.00000000
2700,0.00000000,0.00000000
2701,0.00000000,0.00000000
2702,0.00000000,0.00000000
2703,0.00000000,0.00000000
2704,0.00000000,0.00000000
2705,0.00000000,0.00000000
2706,0.00000000,0.00000000
2707,0.00000000,0.00000000
2708,0.00000000,0.00000000
2709,0.00000000,0.00000000
2710,0.00000000,0.00000000
2711,0.00000000,0.00000000
2712,0.00000000,0.00000000
2713,0.00000000,0.00000000
2714,0.00000000,0.00000000
2715,0.00000000,0.00000000
2716,0.00000000,0.00000000
2717,0.00000000,0.00000000
2718,0.00000000,0.00000000
2719,0.00000000,0.00000000
2720,0.00000000,0.00000000
2721,0.00000000,0.00000000
2722,0.00000000,0.00000000
2723,0.00000000,0.00000000
2724,0.00000000,0.00000000
2725,0.09909796,0.00000000
2726,0.00000000,0.00000000
2727,0.00000000,0.00000000
2728,0.00000000,0.00000000
2729,0.00000000,0.00000000
2730,0.00000000,0.00000000
2731,0.00000000,0.00000000
2732,0.00000000,0.00000000
2733,0.00000000,0.00000000
2734,0.34574823,0.00000000
2735,0.11779857,0.00000000
2736,1.87727668,0.00000000
2737,0.12938341,0.00000000
2738,0.50496425,0.00000000
2739,0.18142302,0.00000000
2740,0.18217232,0.00000000
2741,3.88743139,0.00000000
2742,8.21442736,-17.04095250
2743,10.08927328,-31.21427130
2744,0.00000000,0.00000000
2745,0.00000000,0.00000000
2746,0.00000000,0.00000000
2747,0.00000000,0.00000000
2748,0.25693345,0.00000000
2749,1.47901555,0.00000000
2750,3.66353978,-8.73110308
2751,4.06496676,0.00000000
2752,2.77007310,0.00000000
2753,5.04887832,0.00000000
2754,4.58656097,-4.92932185
2755,6.41701468,0.00000000
2756,8.66147981,0.00000000
2757,9.06636658,-62.61560499
2758,0.00000000,0.00000000
2759,0.00000000,0.00000000
2760,0.00000000,0.00000000
2761,0.14122058,0.00000000
2762,0.15207622,0.00000000
2763,0.77665120,0.00000000
2764,3.17610707,0.00000000
2765,5.49692640,-11.15491286
2766,3.82004442,0.00000000
2767,6.61973291,-11.69569956
2768,7.56850210,-7.01548690
2769,4.31563219,-25.69434128
2770,9.50764433,-25.00955432
2771,8.13657812,-68.50426522
2772,0.00000000,0.00000000
2773,0.00000000,0.00000000
2774,0.00000000,0.00000000
2775,0.03999956,0.00000000
2776,1.42213375,0.01821345
2777,0.73577120,0.00000000
2778,-0.70830169,-9.31659382
2779,3.20834902,-18.62389380
2780,-11.96972183,-15.17477565
2781,4.73854948,-25.34797584
2782,5.25277999,-16.82512160
2783,1.81473987,-6.44111389
2784,3.77086939,-41.37382876
2785,7.08483202,-74.28324723
2786,0.00000000,0.00000000
2787,0.00000000,0.00000000
2788,0.00000000,0.00000000
2789,-3.04644738,-7.11824995
2790,-49.49289733,-49.08564000
2791,-39.33631955,-52.70892899
2792,-10.05780313,-15.95496997
2793,-20.60793420,-53.16961140
2794,-16.38953226,-22.15282319
2795,-18.56240117,-58.24996462
2796,-9.71152806,-50.57469471
2797,-48.98394738,-56.22886828
2798,-22.87899016,-51.67891420
2799,-3.52080920,-77.90607611
2800,0.00000000,0.00000000
2801,0.00000000,0.00000000
2802,-15.96008486,0.00000000
2803,-36.56253302,-41.28680229
2804,-63.58313452,-63.13401333
2805,-75.26340757,-74.85677279
2806,-57.17333914,-61.01104850
2807,-66.91556613,-67.57243935
2808,-51.68382439,-65.32149841
2809,-42.63458466,-67.05552591
2810,-49.68729486,-76.88852626
2811,-64.21878582,-71.63324269
2812,-57.18128442,-70.24511073
2813,-80.65451582,-74.80134212
2814,0.00000000,0.00000000
2815,0.00000000,0.00000000
2816,-29.44000000,-13.23817586
2817,-33.79919579,-38.07444842
2818,-71.45791172,-70.87061214
2819,-67.47193534,-71.29218977
2820,-55.79043905,-55.09218353
2821,-69.37984555,-71.02060805
2822,-60.02443028,-61.54211772
2823,-69.39640810,-73.30693051
2824,-68.05098188,-74.65285999
2825,-72.99926679,-77.13358949
2826,-59.91009492,-76.37621751
2827,-79.74294113,-80.77798355
2828,0.00000000,0.00000000
2829,0.00000000,0.00000000
2830,0.00000000,0.00000000
2831,0.00000000,0.00000000
2832,0.00000000,0.00000000
2833,0.00000000,0.00000000
2834,0.00000000,0.00000000
2835,0.02036597,0.00000000
2836,0.00000000,0.00000000
2837,0.02230101,0.01280000
2838,-0.29592450,0.00000000
2839,-15.98574859,0.05663071
2840,0.04066887,0.00000000
2841,0.00000000,0.00000000
2842,0.00000000,0.00000000
2843,0.00000000,0.00000000
2844,0.00000000,0.00000000
2845,0.00000000,0.00000000
2846,0.00000000,0.01280000
2847,0.00000000,0.00000000
2848,0.00000000,0.02543616
2849,-16.00000000,0.00000000
2850,0.00000000,0.00000000
2851,0.05258151,0.00000000
2852,-29.41076530,-0.03366657
2853,0.04118877,0.00000000
2854,-1.61077026,0.00000000
2855,0.00000000,0.00000000
2856,0.00000000,0.00000000
2857,0.00000000,0.00000000
2858,0.00000000,0.00000000
2859,0.00000000,0.00000000
2860,0.00000000,0.00000000
2861,0.00000000,0.00000000
2862,0.00000000,0.00000000
2863,0.00000000,0.00000000
2864,0.00000000,0.00000000
2865,0.00000000,0.00000000
2866,0.00000000,0.00000000
2867,0.00000000,0.00000000
2868,0.00000000,0.00000000
2869,0.00000000,0.00000000
2870,0.00000000,0.00000000
2871,0.00000000,0.00000000
2872,0.00000000,0.00000000
2873,0.00000000,0.00000000
2874,0.00000000,0.00000000
2875,0.00000000,0.00000000
2876,0.00000000,0.00000000
2877,0.00000000,0.00000000
2878,0.00000000,0.00000000
2879,0.00000000,0.00000000
2880,0.00000000,0.00000000
2881,0.00000000,0.00000000
2882,0.00000000,0.00000000
2883,0.00000000,0.00000000
2884,0.00000000,0.00000000
2885,0.00000000,0.00000000
2886,0.00000000,0.00000000
2887,0.00000000,0.00000000
2888,0.00000000,0.00000000
2889,0.00000000,0.00000000
2890,0.00000000,0.00000000
2891,0.00000000,0.00000000
2892,0.00000000,0.00000000
2893,0.00000000,0.00000000
2894,0.00000000,0.00000000
2895,0.00000000,0.00000000
2896,0.00000000,0.00000000
2897,0.00000000,0.00000000
2898,0.00000000,0.00000000
2899,0.00000000,0.00000000
2900,0.00000000,0.00000000
2901,0.00000000,0.00000000
2902,0.00000000,0.00000000
2903,0.00000000,0.00000000
2904,0.00000000,0.00000000
2905,0.00000000,0.00000000
2906,0.00000000,0.00000000
2907,0.03715639,0.00000000
2908,0.00000000,0.00000000
2909,0.00000000,0.00000000
2910,0.00000000,0.00000000
2911,0.00000000,0.00000000
2912,0.00000000,0.00000000
2913,0.00000000,0.00000000
2914,0.00000000,0.00000000
2915,0.00000000,0.00000000
2916,0.17295558,0.00000000
2917,0.15139325,0.00000000
2918,1.17814017,0.00000000
2919,0.33552444,0.00000000
2920,0.47828797,0.00000000
2921,0.74557109,0.00000000
2922,0.30022093,0.01280000
2923,4.06391573,0.00000000
2924,6.30980543,-11.45126702
2925,7.24325065,-50.75767452
2926,0.00000000,0.00000000
2927,0.00000000,0.00000000
2928,0.00000000,0.00000000
2929,0.00000000,0.00000000
2930,0.15927679,0.00000000
2931,0.09999223,0.00000000
2932,0.99460997,-16.00000000
2933,1.21300625,-11.08347692
2934,0.13318258,0.00000000
2935,0.22009029,-12.66545647
2936,0.39123156,0.00000000
2937,2.23505410,-19.23552249
2938,5.44622137,-26.16704618
2939,6.10761678,-79.56197758
2940,0.00000000,0.00000000
2941,0.00000000,0.00000000
2942,0.00000000,0.00000000
2943,0.00000000,0.00000000
2944,0.06210655,0.00000000
2945,-21.50683427,-16.00000000
2946,-5.48882666,-21.34785163
2947,-2.50031933,-25.85730304
2948,-33.30193071,-42.11794985
2949,-6.62370349,-29.25311616
2950,0.24427036,0.00000000
2951,1.34246350,-2.33748141
2952,3.12324753,-51.39831158
2953,1.98729193,-86.51635909
2954,0.00000000,0.00000000
2955,0.00000000,0.00000000
2956,0.00000000,0.00000000
2957,-28.89863696,-36.89709240
2958,-25.58691303,-29.44000000
2959,-63.71559578,-64.47007729
2960,-26.61688662,-39.25960398
2961,-26.50713957,-68.15893692
2962,-43.36229476,-44.55221373
2963,-46.99550109,-51.64784759
2964,-54.19235838,-52.39097594
2965,-6.21269666,-52.60485789
2966,-53.00980178,-79.82897630
2967,-88.82422788,-89.07895343
2968,0.00000000,0.00000000
2969,0.00000000,0.00000000
2970,-16.00000000,-16.00000000
2971,-58.40685585,-56.70182765
2972,-84.78517317,-86.29884174
2973,-86.32185665,-88.06831545
2974,-68.59058567,-64.44514972
2975,-84.78421398,-83.86901157
2976,-80.14736492,-81.73055357
2977,-86.74883574,-86.21476860
2978,-67.98418520,-81.33848237
2979,-90.47975927,-88.86975815
2980,-68.98641845,-87.85113479
2981,-92.29092530,-90.68677012
2982,0.00000000,0.00000000
2983,0.00000000,0.00000000
2984,-16.00000000,-15.97863363
2985,-56.69349157,-57.52121495
2986,-75.93292635,-76.44170523
2987,-86.95726184,-85.81076560
2988,-68.35737044,-69.23838867
2989,-78.43560634,-81.43249174
2990,-77.76472893,-81.10635566
2991,-87.13079246,-90.40645469
2992,-81.96756922,-85.80174418
2993,-85.31732890,-88.15745297
2994,-88.70020915,-89.06094749
2995,-83.88140408,-86.72401249
2996,0.00000000,0.00000000
2997,0.00000000,0.00000000
2998,0.00000000,0.00000000
2999,0.00000000,0.00000000
3000,-16.00000000,0.00000000
3001,0.04308245,0.00000000
3002,0.00000000,0.00000000
3003,0.00000000,0.00000000
3004,0.00000000,-16.00000000
3005,-15.97687549,-17.93524993
3006,-17.56000964,-11.25664572
3007,-10.06996101,-15.98432941
3008,0.02355200,0.00000000
3009,0.00000000,0.00000000
3010,0.00000000,0.00000000
3011,0.00000000,0.00000000
3012,0.00000000,0.00000000
3013,0.00000000,0.00000000
3014,0.01280000,0.00000000
3015,-16.00000000,-15.98924800
3016,0.02701885,0.00000000
3017,0.00000000,0.00000000
3018,0.01280000,0.00000000
3019,-15.96768529,-29.23814424
3020,-0.59149198,-16.00000000
3021,-12.19265156,-15.98432941
3022,0.00000000,0.00000000
3023,0.00000000,0.00000000
